2026-08-07 18:07:43,020 | INFO | werkzeug | [31m[1mWARNING: This is a development server. Do not use it in a production deployment. Use a production WSGI server instead.[0m
 * Running on all addresses (0.0.0.0)
 * Running on http://127.0.0.1:8000
 * Running on http://192.168.0.103:8000
2026-08-07 18:07:43,022 | INFO | werkzeug | [33mPress CTRL+C to quit[0m
2026-08-07 18:07:43,773 | INFO | werkzeug | 127.0.0.1 - - [07/Aug/2026 18:07:43] "GET /api/health HTTP/1.1" 200 -
2026-08-07 18:07:44,214 | INFO | werkzeug | 127.0.0.1 - - [07/Aug/2026 18:07:44] "GET /api/market/snapshots?limit=500 HTTP/1.1" 200 -
C:\Users\ninop\AppData\Roaming\Python\Python314\site-packages\statsmodels\tsa\base\tsa_model.py:473: ValueWarning: An unsupported index was provided. As a result, forecasts cannot be generated. To use the model for forecasting, use one of the supported classes of index.
  self._init_dates(dates, freq)
C:\Users\ninop\AppData\Roaming\Python\Python314\site-packages\statsmodels\tsa\base\tsa_model.py:473: ValueWarning: An unsupported index was provided. As a result, forecasts cannot be generated. To use the model for forecasting, use one of the supported classes of index.
  self._init_dates(dates, freq)
C:\Users\ninop\AppData\Roaming\Python\Python314\site-packages\statsmodels\tsa\base\tsa_model.py:473: ValueWarning: An unsupported index was provided. As a result, forecasts cannot be generated. To use the model for forecasting, use one of the supported classes of index.
  self._init_dates(dates, freq)
C:\Users\ninop\AppData\Roaming\Python\Python314\site-packages\statsmodels\tsa\base\tsa_model.py:473: ValueWarning: An unsupported index was provided. As a result, forecasts cannot be generated. To use the model for forecasting, use one of the supported classes of index.
  self._init_dates(dates, freq)
C:\Users\ninop\AppData\Roaming\Python\Python314\site-packages\statsmodels\tsa\base\tsa_model.py:473: ValueWarning: An unsupported index was provided. As a result, forecasts cannot be generated. To use the model for forecasting, use one of the supported classes of index.
  self._init_dates(dates, freq)
C:\Users\ninop\AppData\Roaming\Python\Python314\site-packages\statsmodels\tsa\base\tsa_model.py:473: ValueWarning: An unsupported index was provided. As a result, forecasts cannot be generated. To use the model for forecasting, use one of the supported classes of index.
  self._init_dates(dates, freq)
C:\Users\ninop\AppData\Roaming\Python\Python314\site-packages\statsmodels\tsa\base\tsa_model.py:473: ValueWarning: An unsupported index was provided. As a result, forecasts cannot be generated. To use the model for forecasting, use one of the supported classes of index.
  self._init_dates(dates, freq)
C:\Users\ninop\AppData\Roaming\Python\Python314\site-packages\statsmodels\tsa\base\tsa_model.py:473: ValueWarning: An unsupported index was provided. As a result, forecasts cannot be generated. To use the model for forecasting, use one of the supported classes of index.
  self._init_dates(dates, freq)
C:\Users\ninop\AppData\Roaming\Python\Python314\site-packages\statsmodels\tsa\base\tsa_model.py:473: ValueWarning: An unsupported index was provided. As a result, forecasts cannot be generated. To use the model for forecasting, use one of the supported classes of index.
  self._init_dates(dates, freq)
C:\Users\ninop\AppData\Roaming\Python\Python314\site-packages\statsmodels\tsa\base\tsa_model.py:473: ValueWarning: An unsupported index was provided. As a result, forecasts cannot be generated. To use the model for forecasting, use one of the supported classes of index.
  self._init_dates(dates, freq)
C:\Users\ninop\AppData\Roaming\Python\Python314\site-packages\statsmodels\tsa\base\tsa_model.py:473: ValueWarning: An unsupported index was provided. As a result, forecasts cannot be generated. To use the model for forecasting, use one of the supported classes of index.
  self._init_dates(dates, freq)
C:\Users\ninop\AppData\Roaming\Python\Python314\site-packages\statsmodels\tsa\base\tsa_model.py:473: ValueWarning: An unsupported index was provided. As a result, forecasts cannot be generated. To use the model for forecasting, use one of the supported classes of index.
  self._init_dates(dates, freq)
C:\Users\ninop\AppData\Roaming\Python\Python314\site-packages\statsmodels\tsa\base\tsa_model.py:473: ValueWarning: An unsupported index was provided. As a result, forecasts cannot be generated. To use the model for forecasting, use one of the supported classes of index.
  self._init_dates(dates, freq)
C:\Users\ninop\AppData\Roaming\Python\Python314\site-packages\statsmodels\tsa\base\tsa_model.py:473: ValueWarning: An unsupported index was provided. As a result, forecasts cannot be generated. To use the model for forecasting, use one of the supported classes of index.
  self._init_dates(dates, freq)
C:\Users\ninop\AppData\Roaming\Python\Python314\site-packages\statsmodels\tsa\base\tsa_model.py:473: ValueWarning: An unsupported index was provided. As a result, forecasts cannot be generated. To use the model for forecasting, use one of the supported classes of index.
  self._init_dates(dates, freq)
C:\Users\ninop\AppData\Roaming\Python\Python314\site-packages\statsmodels\tsa\base\tsa_model.py:473: ValueWarning: An unsupported index was provided. As a result, forecasts cannot be generated. To use the model for forecasting, use one of the supported classes of index.
  self._init_dates(dates, freq)
C:\Users\ninop\AppData\Roaming\Python\Python314\site-packages\statsmodels\tsa\base\tsa_model.py:473: ValueWarning: An unsupported index was provided. As a result, forecasts cannot be generated. To use the model for forecasting, use one of the supported classes of index.
  self._init_dates(dates, freq)
C:\Users\ninop\AppData\Roaming\Python\Python314\site-packages\statsmodels\tsa\base\tsa_model.py:473: ValueWarning: An unsupported index was provided. As a result, forecasts cannot be generated. To use the model for forecasting, use one of the supported classes of index.
  self._init_dates(dates, freq)
C:\Users\ninop\AppData\Roaming\Python\Python314\site-packages\statsmodels\tsa\base\tsa_model.py:473: ValueWarning: An unsupported index was provided. As a result, forecasts cannot be generated. To use the model for forecasting, use one of the supported classes of index.
  self._init_dates(dates, freq)
C:\Users\ninop\AppData\Roaming\Python\Python314\site-packages\statsmodels\tsa\base\tsa_model.py:473: ValueWarning: An unsupported index was provided. As a result, forecasts cannot be generated. To use the model for forecasting, use one of the supported classes of index.
  self._init_dates(dates, freq)
C:\Users\ninop\AppData\Roaming\Python\Python314\site-packages\statsmodels\tsa\base\tsa_model.py:473: ValueWarning: An unsupported index was provided. As a result, forecasts cannot be generated. To use the model for forecasting, use one of the supported classes of index.
  self._init_dates(dates, freq)
C:\Users\ninop\AppData\Roaming\Python\Python314\site-packages\statsmodels\tsa\base\tsa_model.py:473: ValueWarning: An unsupported index was provided. As a result, forecasts cannot be generated. To use the model for forecasting, use one of the supported classes of index.
  self._init_dates(dates, freq)
C:\Users\ninop\AppData\Roaming\Python\Python314\site-packages\statsmodels\tsa\base\tsa_model.py:473: ValueWarning: An unsupported index was provided. As a result, forecasts cannot be generated. To use the model for forecasting, use one of the supported classes of index.
  self._init_dates(dates, freq)
C:\Users\ninop\AppData\Roaming\Python\Python314\site-packages\statsmodels\tsa\base\tsa_model.py:473: ValueWarning: An unsupported index was provided. As a result, forecasts cannot be generated. To use the model for forecasting, use one of the supported classes of index.
  self._init_dates(dates, freq)
C:\Users\ninop\AppData\Roaming\Python\Python314\site-packages\statsmodels\tsa\base\tsa_model.py:473: ValueWarning: An unsupported index was provided. As a result, forecasts cannot be generated. To use the model for forecasting, use one of the supported classes of index.
  self._init_dates(dates, freq)
C:\Users\ninop\AppData\Roaming\Python\Python314\site-packages\statsmodels\tsa\base\tsa_model.py:473: ValueWarning: An unsupported index was provided. As a result, forecasts cannot be generated. To use the model for forecasting, use one of the supported classes of index.
  self._init_dates(dates, freq)
C:\Users\ninop\AppData\Roaming\Python\Python314\site-packages\statsmodels\tsa\base\tsa_model.py:473: ValueWarning: An unsupported index was provided. As a result, forecasts cannot be generated. To use the model for forecasting, use one of the supported classes of index.
  self._init_dates(dates, freq)
C:\Users\ninop\AppData\Roaming\Python\Python314\site-packages\statsmodels\tsa\base\tsa_model.py:837: ValueWarning: No supported index is available. Prediction results will be given with an integer index beginning at `start`.
  return get_prediction_index(
C:\Users\ninop\AppData\Roaming\Python\Python314\site-packages\statsmodels\tsa\base\tsa_model.py:837: FutureWarning: No supported index is available. In the next version, calling this method in a model without a supported index will result in an exception.
  return get_prediction_index(
C:\Users\ninop\AppData\Roaming\Python\Python314\site-packages\statsmodels\tsa\base\tsa_model.py:473: ValueWarning: An unsupported index was provided. As a result, forecasts cannot be generated. To use the model for forecasting, use one of the supported classes of index.
  self._init_dates(dates, freq)
C:\Users\ninop\AppData\Roaming\Python\Python314\site-packages\statsmodels\tsa\base\tsa_model.py:473: ValueWarning: An unsupported index was provided. As a result, forecasts cannot be generated. To use the model for forecasting, use one of the supported classes of index.
  self._init_dates(dates, freq)
C:\Users\ninop\AppData\Roaming\Python\Python314\site-packages\statsmodels\tsa\base\tsa_model.py:473: ValueWarning: An unsupported index was provided. As a result, forecasts cannot be generated. To use the model for forecasting, use one of the supported classes of index.
  self._init_dates(dates, freq)
C:\Users\ninop\AppData\Roaming\Python\Python314\site-packages\statsmodels\tsa\base\tsa_model.py:837: ValueWarning: No supported index is available. Prediction results will be given with an integer index beginning at `start`.
  return get_prediction_index(
C:\Users\ninop\AppData\Roaming\Python\Python314\site-packages\statsmodels\tsa\base\tsa_model.py:837: FutureWarning: No supported index is available. In the next version, calling this method in a model without a supported index will result in an exception.
  return get_prediction_index(
C:\Users\ninop\AppData\Roaming\Python\Python314\site-packages\statsmodels\tsa\base\tsa_model.py:473: ValueWarning: An unsupported index was provided. As a result, forecasts cannot be generated. To use the model for forecasting, use one of the supported classes of index.
  self._init_dates(dates, freq)
C:\Users\ninop\AppData\Roaming\Python\Python314\site-packages\statsmodels\tsa\base\tsa_model.py:473: ValueWarning: An unsupported index was provided. As a result, forecasts cannot be generated. To use the model for forecasting, use one of the supported classes of index.
  self._init_dates(dates, freq)
C:\Users\ninop\AppData\Roaming\Python\Python314\site-packages\statsmodels\tsa\base\tsa_model.py:473: ValueWarning: An unsupported index was provided. As a result, forecasts cannot be generated. To use the model for forecasting, use one of the supported classes of index.
  self._init_dates(dates, freq)
C:\Users\ninop\AppData\Roaming\Python\Python314\site-packages\statsmodels\tsa\base\tsa_model.py:837: ValueWarning: No supported index is available. Prediction results will be given with an integer index beginning at `start`.
  return get_prediction_index(
C:\Users\ninop\AppData\Roaming\Python\Python314\site-packages\statsmodels\tsa\base\tsa_model.py:837: FutureWarning: No supported index is available. In the next version, calling this method in a model without a supported index will result in an exception.
  return get_prediction_index(
C:\Users\ninop\AppData\Roaming\Python\Python314\site-packages\statsmodels\tsa\base\tsa_model.py:473: ValueWarning: An unsupported index was provided. As a result, forecasts cannot be generated. To use the model for forecasting, use one of the supported classes of index.
  self._init_dates(dates, freq)
C:\Users\ninop\AppData\Roaming\Python\Python314\site-packages\statsmodels\tsa\base\tsa_model.py:473: ValueWarning: An unsupported index was provided. As a result, forecasts cannot be generated. To use the model for forecasting, use one of the supported classes of index.
  self._init_dates(dates, freq)
C:\Users\ninop\AppData\Roaming\Python\Python314\site-packages\statsmodels\tsa\base\tsa_model.py:473: ValueWarning: An unsupported index was provided. As a result, forecasts cannot be generated. To use the model for forecasting, use one of the supported classes of index.
  self._init_dates(dates, freq)
C:\Users\ninop\AppData\Roaming\Python\Python314\site-packages\statsmodels\tsa\base\tsa_model.py:837: ValueWarning: No supported index is available. Prediction results will be given with an integer index beginning at `start`.
  return get_prediction_index(
C:\Users\ninop\AppData\Roaming\Python\Python314\site-packages\statsmodels\tsa\base\tsa_model.py:837: FutureWarning: No supported index is available. In the next version, calling this method in a model without a supported index will result in an exception.
  return get_prediction_index(
C:\Users\ninop\AppData\Roaming\Python\Python314\site-packages\statsmodels\tsa\base\tsa_model.py:473: ValueWarning: An unsupported index was provided. As a result, forecasts cannot be generated. To use the model for forecasting, use one of the supported classes of index.
  self._init_dates(dates, freq)
C:\Users\ninop\AppData\Roaming\Python\Python314\site-packages\statsmodels\tsa\base\tsa_model.py:473: ValueWarning: An unsupported index was provided. As a result, forecasts cannot be generated. To use the model for forecasting, use one of the supported classes of index.
  self._init_dates(dates, freq)
C:\Users\ninop\AppData\Roaming\Python\Python314\site-packages\statsmodels\tsa\base\tsa_model.py:473: ValueWarning: An unsupported index was provided. As a result, forecasts cannot be generated. To use the model for forecasting, use one of the supported classes of index.
  self._init_dates(dates, freq)
C:\Users\ninop\AppData\Roaming\Python\Python314\site-packages\statsmodels\tsa\base\tsa_model.py:837: ValueWarning: No supported index is available. Prediction results will be given with an integer index beginning at `start`.
  return get_prediction_index(
C:\Users\ninop\AppData\Roaming\Python\Python314\site-packages\statsmodels\tsa\base\tsa_model.py:837: FutureWarning: No supported index is available. In the next version, calling this method in a model without a supported index will result in an exception.
  return get_prediction_index(
2026-08-07 18:07:55,896 | INFO | werkzeug | 127.0.0.1 - - [07/Aug/2026 18:07:55] "GET /api/market/analysis/bitcoin?days=365 HTTP/1.1" 200 -
2026-08-07 18:07:55,911 | INFO | werkzeug | 127.0.0.1 - - [07/Aug/2026 18:07:55] "GET /api/assistant/summary?coin_id=bitcoin HTTP/1.1" 200 -
2026-08-07 18:07:55,939 | INFO | werkzeug | 127.0.0.1 - - [07/Aug/2026 18:07:55] "GET /api/alerts?limit=5 HTTP/1.1" 200 -
2026-08-07 18:08:19,303 | INFO | werkzeug | 127.0.0.1 - - [07/Aug/2026 18:08:19] "GET /api/health HTTP/1.1" 200 -
2026-08-07 18:09:23,183 | INFO | werkzeug | 127.0.0.1 - - [07/Aug/2026 18:09:23] "GET /api/market/snapshots?limit=500 HTTP/1.1" 200 -
C:\Users\ninop\AppData\Roaming\Python\Python314\site-packages\statsmodels\tsa\base\tsa_model.py:473: ValueWarning: An unsupported index was provided. As a result, forecasts cannot be generated. To use the model for forecasting, use one of the supported classes of index.
  self._init_dates(dates, freq)
C:\Users\ninop\AppData\Roaming\Python\Python314\site-packages\statsmodels\tsa\base\tsa_model.py:473: ValueWarning: An unsupported index was provided. As a result, forecasts cannot be generated. To use the model for forecasting, use one of the supported classes of index.
  self._init_dates(dates, freq)
C:\Users\ninop\AppData\Roaming\Python\Python314\site-packages\statsmodels\tsa\base\tsa_model.py:473: ValueWarning: An unsupported index was provided. As a result, forecasts cannot be generated. To use the model for forecasting, use one of the supported classes of index.
  self._init_dates(dates, freq)
C:\Users\ninop\AppData\Roaming\Python\Python314\site-packages\statsmodels\tsa\base\tsa_model.py:473: ValueWarning: An unsupported index was provided. As a result, forecasts cannot be generated. To use the model for forecasting, use one of the supported classes of index.
  self._init_dates(dates, freq)
C:\Users\ninop\AppData\Roaming\Python\Python314\site-packages\statsmodels\tsa\base\tsa_model.py:473: ValueWarning: An unsupported index was provided. As a result, forecasts cannot be generated. To use the model for forecasting, use one of the supported classes of index.
  self._init_dates(dates, freq)
C:\Users\ninop\AppData\Roaming\Python\Python314\site-packages\statsmodels\tsa\base\tsa_model.py:473: ValueWarning: An unsupported index was provided. As a result, forecasts cannot be generated. To use the model for forecasting, use one of the supported classes of index.
  self._init_dates(dates, freq)
C:\Users\ninop\AppData\Roaming\Python\Python314\site-packages\statsmodels\tsa\statespace\sarimax.py:978: UserWarning: Non-invertible starting MA parameters found. Using zeros as starting parameters.
  warn('Non-invertible starting MA parameters found.'
C:\Users\ninop\AppData\Roaming\Python\Python314\site-packages\statsmodels\tsa\base\tsa_model.py:473: ValueWarning: An unsupported index was provided. As a result, forecasts cannot be generated. To use the model for forecasting, use one of the supported classes of index.
  self._init_dates(dates, freq)
C:\Users\ninop\AppData\Roaming\Python\Python314\site-packages\statsmodels\tsa\base\tsa_model.py:473: ValueWarning: An unsupported index was provided. As a result, forecasts cannot be generated. To use the model for forecasting, use one of the supported classes of index.
  self._init_dates(dates, freq)
C:\Users\ninop\AppData\Roaming\Python\Python314\site-packages\statsmodels\tsa\base\tsa_model.py:473: ValueWarning: An unsupported index was provided. As a result, forecasts cannot be generated. To use the model for forecasting, use one of the supported classes of index.
  self._init_dates(dates, freq)
C:\Users\ninop\AppData\Roaming\Python\Python314\site-packages\statsmodels\tsa\base\tsa_model.py:473: ValueWarning: An unsupported index was provided. As a result, forecasts cannot be generated. To use the model for forecasting, use one of the supported classes of index.
  self._init_dates(dates, freq)
C:\Users\ninop\AppData\Roaming\Python\Python314\site-packages\statsmodels\tsa\base\tsa_model.py:473: ValueWarning: An unsupported index was provided. As a result, forecasts cannot be generated. To use the model for forecasting, use one of the supported classes of index.
  self._init_dates(dates, freq)
C:\Users\ninop\AppData\Roaming\Python\Python314\site-packages\statsmodels\tsa\base\tsa_model.py:473: ValueWarning: An unsupported index was provided. As a result, forecasts cannot be generated. To use the model for forecasting, use one of the supported classes of index.
  self._init_dates(dates, freq)
C:\Users\ninop\AppData\Roaming\Python\Python314\site-packages\statsmodels\tsa\base\tsa_model.py:473: ValueWarning: An unsupported index was provided. As a result, forecasts cannot be generated. To use the model for forecasting, use one of the supported classes of index.
  self._init_dates(dates, freq)
C:\Users\ninop\AppData\Roaming\Python\Python314\site-packages\statsmodels\tsa\base\tsa_model.py:473: ValueWarning: An unsupported index was provided. As a result, forecasts cannot be generated. To use the model for forecasting, use one of the supported classes of index.
  self._init_dates(dates, freq)
C:\Users\ninop\AppData\Roaming\Python\Python314\site-packages\statsmodels\tsa\base\tsa_model.py:473: ValueWarning: An unsupported index was provided. As a result, forecasts cannot be generated. To use the model for forecasting, use one of the supported classes of index.
  self._init_dates(dates, freq)
C:\Users\ninop\AppData\Roaming\Python\Python314\site-packages\statsmodels\tsa\base\tsa_model.py:473: ValueWarning: An unsupported index was provided. As a result, forecasts cannot be generated. To use the model for forecasting, use one of the supported classes of index.
  self._init_dates(dates, freq)
C:\Users\ninop\AppData\Roaming\Python\Python314\site-packages\statsmodels\tsa\base\tsa_model.py:473: ValueWarning: An unsupported index was provided. As a result, forecasts cannot be generated. To use the model for forecasting, use one of the supported classes of index.
  self._init_dates(dates, freq)
C:\Users\ninop\AppData\Roaming\Python\Python314\site-packages\statsmodels\tsa\base\tsa_model.py:473: ValueWarning: An unsupported index was provided. As a result, forecasts cannot be generated. To use the model for forecasting, use one of the supported classes of index.
  self._init_dates(dates, freq)
C:\Users\ninop\AppData\Roaming\Python\Python314\site-packages\statsmodels\tsa\base\tsa_model.py:473: ValueWarning: An unsupported index was provided. As a result, forecasts cannot be generated. To use the model for forecasting, use one of the supported classes of index.
  self._init_dates(dates, freq)
C:\Users\ninop\AppData\Roaming\Python\Python314\site-packages\statsmodels\tsa\base\tsa_model.py:473: ValueWarning: An unsupported index was provided. As a result, forecasts cannot be generated. To use the model for forecasting, use one of the supported classes of index.
  self._init_dates(dates, freq)
C:\Users\ninop\AppData\Roaming\Python\Python314\site-packages\statsmodels\tsa\base\tsa_model.py:473: ValueWarning: An unsupported index was provided. As a result, forecasts cannot be generated. To use the model for forecasting, use one of the supported classes of index.
  self._init_dates(dates, freq)
C:\Users\ninop\AppData\Roaming\Python\Python314\site-packages\statsmodels\tsa\base\tsa_model.py:473: ValueWarning: An unsupported index was provided. As a result, forecasts cannot be generated. To use the model for forecasting, use one of the supported classes of index.
  self._init_dates(dates, freq)
C:\Users\ninop\AppData\Roaming\Python\Python314\site-packages\statsmodels\tsa\base\tsa_model.py:473: ValueWarning: An unsupported index was provided. As a result, forecasts cannot be generated. To use the model for forecasting, use one of the supported classes of index.
  self._init_dates(dates, freq)
C:\Users\ninop\AppData\Roaming\Python\Python314\site-packages\statsmodels\tsa\base\tsa_model.py:473: ValueWarning: An unsupported index was provided. As a result, forecasts cannot be generated. To use the model for forecasting, use one of the supported classes of index.
  self._init_dates(dates, freq)
C:\Users\ninop\AppData\Roaming\Python\Python314\site-packages\statsmodels\tsa\statespace\sarimax.py:978: UserWarning: Non-invertible starting MA parameters found. Using zeros as starting parameters.
  warn('Non-invertible starting MA parameters found.'
C:\Users\ninop\AppData\Roaming\Python\Python314\site-packages\statsmodels\tsa\base\tsa_model.py:473: ValueWarning: An unsupported index was provided. As a result, forecasts cannot be generated. To use the model for forecasting, use one of the supported classes of index.
  self._init_dates(dates, freq)
C:\Users\ninop\AppData\Roaming\Python\Python314\site-packages\statsmodels\tsa\base\tsa_model.py:473: ValueWarning: An unsupported index was provided. As a result, forecasts cannot be generated. To use the model for forecasting, use one of the supported classes of index.
  self._init_dates(dates, freq)
C:\Users\ninop\AppData\Roaming\Python\Python314\site-packages\statsmodels\tsa\base\tsa_model.py:473: ValueWarning: An unsupported index was provided. As a result, forecasts cannot be generated. To use the model for forecasting, use one of the supported classes of index.
  self._init_dates(dates, freq)
C:\Users\ninop\AppData\Roaming\Python\Python314\site-packages\statsmodels\tsa\base\tsa_model.py:837: ValueWarning: No supported index is available. Prediction results will be given with an integer index beginning at `start`.
  return get_prediction_index(
C:\Users\ninop\AppData\Roaming\Python\Python314\site-packages\statsmodels\tsa\base\tsa_model.py:837: FutureWarning: No supported index is available. In the next version, calling this method in a model without a supported index will result in an exception.
  return get_prediction_index(
2026-08-07 18:09:26,783 | INFO | werkzeug | 127.0.0.1 - - [07/Aug/2026 18:09:26] "GET /api/market/snapshots?limit=500 HTTP/1.1" 200 -
C:\Users\ninop\AppData\Roaming\Python\Python314\site-packages\statsmodels\tsa\base\tsa_model.py:473: ValueWarning: An unsupported index was provided. As a result, forecasts cannot be generated. To use the model for forecasting, use one of the supported classes of index.
  self._init_dates(dates, freq)
C:\Users\ninop\AppData\Roaming\Python\Python314\site-packages\statsmodels\tsa\base\tsa_model.py:473: ValueWarning: An unsupported index was provided. As a result, forecasts cannot be generated. To use the model for forecasting, use one of the supported classes of index.
  self._init_dates(dates, freq)
C:\Users\ninop\AppData\Roaming\Python\Python314\site-packages\statsmodels\tsa\base\tsa_model.py:473: ValueWarning: An unsupported index was provided. As a result, forecasts cannot be generated. To use the model for forecasting, use one of the supported classes of index.
  self._init_dates(dates, freq)
C:\Users\ninop\AppData\Roaming\Python\Python314\site-packages\statsmodels\tsa\base\tsa_model.py:837: ValueWarning: No supported index is available. Prediction results will be given with an integer index beginning at `start`.
  return get_prediction_index(
C:\Users\ninop\AppData\Roaming\Python\Python314\site-packages\statsmodels\tsa\base\tsa_model.py:837: FutureWarning: No supported index is available. In the next version, calling this method in a model without a supported index will result in an exception.
  return get_prediction_index(
C:\Users\ninop\AppData\Roaming\Python\Python314\site-packages\statsmodels\tsa\base\tsa_model.py:473: ValueWarning: An unsupported index was provided. As a result, forecasts cannot be generated. To use the model for forecasting, use one of the supported classes of index.
  self._init_dates(dates, freq)
C:\Users\ninop\AppData\Roaming\Python\Python314\site-packages\statsmodels\tsa\base\tsa_model.py:473: ValueWarning: An unsupported index was provided. As a result, forecasts cannot be generated. To use the model for forecasting, use one of the supported classes of index.
  self._init_dates(dates, freq)
C:\Users\ninop\AppData\Roaming\Python\Python314\site-packages\statsmodels\tsa\base\tsa_model.py:473: ValueWarning: An unsupported index was provided. As a result, forecasts cannot be generated. To use the model for forecasting, use one of the supported classes of index.
  self._init_dates(dates, freq)
C:\Users\ninop\AppData\Roaming\Python\Python314\site-packages\statsmodels\tsa\base\tsa_model.py:837: ValueWarning: No supported index is available. Prediction results will be given with an integer index beginning at `start`.
  return get_prediction_index(
C:\Users\ninop\AppData\Roaming\Python\Python314\site-packages\statsmodels\tsa\base\tsa_model.py:837: FutureWarning: No supported index is available. In the next version, calling this method in a model without a supported index will result in an exception.
  return get_prediction_index(
C:\Users\ninop\AppData\Roaming\Python\Python314\site-packages\statsmodels\tsa\base\tsa_model.py:473: ValueWarning: An unsupported index was provided. As a result, forecasts cannot be generated. To use the model for forecasting, use one of the supported classes of index.
  self._init_dates(dates, freq)
C:\Users\ninop\AppData\Roaming\Python\Python314\site-packages\statsmodels\tsa\base\tsa_model.py:473: ValueWarning: An unsupported index was provided. As a result, forecasts cannot be generated. To use the model for forecasting, use one of the supported classes of index.
  self._init_dates(dates, freq)
C:\Users\ninop\AppData\Roaming\Python\Python314\site-packages\statsmodels\tsa\base\tsa_model.py:473: ValueWarning: An unsupported index was provided. As a result, forecasts cannot be generated. To use the model for forecasting, use one of the supported classes of index.
  self._init_dates(dates, freq)
C:\Users\ninop\AppData\Roaming\Python\Python314\site-packages\statsmodels\tsa\base\tsa_model.py:837: ValueWarning: No supported index is available. Prediction results will be given with an integer index beginning at `start`.
  return get_prediction_index(
C:\Users\ninop\AppData\Roaming\Python\Python314\site-packages\statsmodels\tsa\base\tsa_model.py:837: FutureWarning: No supported index is available. In the next version, calling this method in a model without a supported index will result in an exception.
  return get_prediction_index(
C:\Users\ninop\AppData\Roaming\Python\Python314\site-packages\statsmodels\tsa\base\tsa_model.py:473: ValueWarning: An unsupported index was provided. As a result, forecasts cannot be generated. To use the model for forecasting, use one of the supported classes of index.
  self._init_dates(dates, freq)
C:\Users\ninop\AppData\Roaming\Python\Python314\site-packages\statsmodels\tsa\base\tsa_model.py:473: ValueWarning: An unsupported index was provided. As a result, forecasts cannot be generated. To use the model for forecasting, use one of the supported classes of index.
  self._init_dates(dates, freq)
C:\Users\ninop\AppData\Roaming\Python\Python314\site-packages\statsmodels\tsa\base\tsa_model.py:473: ValueWarning: An unsupported index was provided. As a result, forecasts cannot be generated. To use the model for forecasting, use one of the supported classes of index.
  self._init_dates(dates, freq)
C:\Users\ninop\AppData\Roaming\Python\Python314\site-packages\statsmodels\tsa\base\tsa_model.py:837: ValueWarning: No supported index is available. Prediction results will be given with an integer index beginning at `start`.
  return get_prediction_index(
C:\Users\ninop\AppData\Roaming\Python\Python314\site-packages\statsmodels\tsa\base\tsa_model.py:837: FutureWarning: No supported index is available. In the next version, calling this method in a model without a supported index will result in an exception.
  return get_prediction_index(
2026-08-07 18:09:28,928 | INFO | werkzeug | 127.0.0.1 - - [07/Aug/2026 18:09:28] "GET /api/market/analysis/solana?days=365 HTTP/1.1" 200 -
2026-08-07 18:09:28,961 | INFO | werkzeug | 127.0.0.1 - - [07/Aug/2026 18:09:28] "GET /api/assistant/summary?coin_id=solana HTTP/1.1" 200 -
2026-08-07 18:09:28,972 | INFO | werkzeug | 127.0.0.1 - - [07/Aug/2026 18:09:28] "GET /api/alerts?limit=5 HTTP/1.1" 200 -
C:\Users\ninop\AppData\Roaming\Python\Python314\site-packages\statsmodels\tsa\base\tsa_model.py:473: ValueWarning: An unsupported index was provided. As a result, forecasts cannot be generated. To use the model for forecasting, use one of the supported classes of index.
  self._init_dates(dates, freq)
C:\Users\ninop\AppData\Roaming\Python\Python314\site-packages\statsmodels\tsa\base\tsa_model.py:473: ValueWarning: An unsupported index was provided. As a result, forecasts cannot be generated. To use the model for forecasting, use one of the supported classes of index.
  self._init_dates(dates, freq)
C:\Users\ninop\AppData\Roaming\Python\Python314\site-packages\statsmodels\tsa\base\tsa_model.py:473: ValueWarning: An unsupported index was provided. As a result, forecasts cannot be generated. To use the model for forecasting, use one of the supported classes of index.
  self._init_dates(dates, freq)
C:\Users\ninop\AppData\Roaming\Python\Python314\site-packages\statsmodels\tsa\base\tsa_model.py:473: ValueWarning: An unsupported index was provided. As a result, forecasts cannot be generated. To use the model for forecasting, use one of the supported classes of index.
  self._init_dates(dates, freq)
C:\Users\ninop\AppData\Roaming\Python\Python314\site-packages\statsmodels\tsa\base\tsa_model.py:473: ValueWarning: An unsupported index was provided. As a result, forecasts cannot be generated. To use the model for forecasting, use one of the supported classes of index.
  self._init_dates(dates, freq)
C:\Users\ninop\AppData\Roaming\Python\Python314\site-packages\statsmodels\tsa\base\tsa_model.py:473: ValueWarning: An unsupported index was provided. As a result, forecasts cannot be generated. To use the model for forecasting, use one of the supported classes of index.
  self._init_dates(dates, freq)
C:\Users\ninop\AppData\Roaming\Python\Python314\site-packages\statsmodels\tsa\base\tsa_model.py:473: ValueWarning: An unsupported index was provided. As a result, forecasts cannot be generated. To use the model for forecasting, use one of the supported classes of index.
  self._init_dates(dates, freq)
C:\Users\ninop\AppData\Roaming\Python\Python314\site-packages\statsmodels\tsa\base\tsa_model.py:473: ValueWarning: An unsupported index was provided. As a result, forecasts cannot be generated. To use the model for forecasting, use one of the supported classes of index.
  self._init_dates(dates, freq)
C:\Users\ninop\AppData\Roaming\Python\Python314\site-packages\statsmodels\tsa\base\tsa_model.py:473: ValueWarning: An unsupported index was provided. As a result, forecasts cannot be generated. To use the model for forecasting, use one of the supported classes of index.
  self._init_dates(dates, freq)
C:\Users\ninop\AppData\Roaming\Python\Python314\site-packages\statsmodels\tsa\base\tsa_model.py:473: ValueWarning: An unsupported index was provided. As a result, forecasts cannot be generated. To use the model for forecasting, use one of the supported classes of index.
  self._init_dates(dates, freq)
C:\Users\ninop\AppData\Roaming\Python\Python314\site-packages\statsmodels\tsa\base\tsa_model.py:473: ValueWarning: An unsupported index was provided. As a result, forecasts cannot be generated. To use the model for forecasting, use one of the supported classes of index.
  self._init_dates(dates, freq)
C:\Users\ninop\AppData\Roaming\Python\Python314\site-packages\statsmodels\tsa\base\tsa_model.py:473: ValueWarning: An unsupported index was provided. As a result, forecasts cannot be generated. To use the model for forecasting, use one of the supported classes of index.
  self._init_dates(dates, freq)
C:\Users\ninop\AppData\Roaming\Python\Python314\site-packages\statsmodels\tsa\base\tsa_model.py:473: ValueWarning: An unsupported index was provided. As a result, forecasts cannot be generated. To use the model for forecasting, use one of the supported classes of index.
  self._init_dates(dates, freq)
C:\Users\ninop\AppData\Roaming\Python\Python314\site-packages\statsmodels\tsa\base\tsa_model.py:473: ValueWarning: An unsupported index was provided. As a result, forecasts cannot be generated. To use the model for forecasting, use one of the supported classes of index.
  self._init_dates(dates, freq)
C:\Users\ninop\AppData\Roaming\Python\Python314\site-packages\statsmodels\tsa\base\tsa_model.py:473: ValueWarning: An unsupported index was provided. As a result, forecasts cannot be generated. To use the model for forecasting, use one of the supported classes of index.
  self._init_dates(dates, freq)
C:\Users\ninop\AppData\Roaming\Python\Python314\site-packages\statsmodels\tsa\base\tsa_model.py:473: ValueWarning: An unsupported index was provided. As a result, forecasts cannot be generated. To use the model for forecasting, use one of the supported classes of index.
  self._init_dates(dates, freq)
C:\Users\ninop\AppData\Roaming\Python\Python314\site-packages\statsmodels\tsa\base\tsa_model.py:473: ValueWarning: An unsupported index was provided. As a result, forecasts cannot be generated. To use the model for forecasting, use one of the supported classes of index.
  self._init_dates(dates, freq)
C:\Users\ninop\AppData\Roaming\Python\Python314\site-packages\statsmodels\tsa\base\tsa_model.py:473: ValueWarning: An unsupported index was provided. As a result, forecasts cannot be generated. To use the model for forecasting, use one of the supported classes of index.
  self._init_dates(dates, freq)
C:\Users\ninop\AppData\Roaming\Python\Python314\site-packages\statsmodels\tsa\base\tsa_model.py:473: ValueWarning: An unsupported index was provided. As a result, forecasts cannot be generated. To use the model for forecasting, use one of the supported classes of index.
  self._init_dates(dates, freq)
C:\Users\ninop\AppData\Roaming\Python\Python314\site-packages\statsmodels\tsa\base\tsa_model.py:473: ValueWarning: An unsupported index was provided. As a result, forecasts cannot be generated. To use the model for forecasting, use one of the supported classes of index.
  self._init_dates(dates, freq)
C:\Users\ninop\AppData\Roaming\Python\Python314\site-packages\statsmodels\tsa\base\tsa_model.py:473: ValueWarning: An unsupported index was provided. As a result, forecasts cannot be generated. To use the model for forecasting, use one of the supported classes of index.
  self._init_dates(dates, freq)
C:\Users\ninop\AppData\Roaming\Python\Python314\site-packages\statsmodels\tsa\base\tsa_model.py:473: ValueWarning: An unsupported index was provided. As a result, forecasts cannot be generated. To use the model for forecasting, use one of the supported classes of index.
  self._init_dates(dates, freq)
C:\Users\ninop\AppData\Roaming\Python\Python314\site-packages\statsmodels\tsa\base\tsa_model.py:473: ValueWarning: An unsupported index was provided. As a result, forecasts cannot be generated. To use the model for forecasting, use one of the supported classes of index.
  self._init_dates(dates, freq)
C:\Users\ninop\AppData\Roaming\Python\Python314\site-packages\statsmodels\tsa\base\tsa_model.py:473: ValueWarning: An unsupported index was provided. As a result, forecasts cannot be generated. To use the model for forecasting, use one of the supported classes of index.
  self._init_dates(dates, freq)
C:\Users\ninop\AppData\Roaming\Python\Python314\site-packages\statsmodels\tsa\base\tsa_model.py:473: ValueWarning: An unsupported index was provided. As a result, forecasts cannot be generated. To use the model for forecasting, use one of the supported classes of index.
  self._init_dates(dates, freq)
C:\Users\ninop\AppData\Roaming\Python\Python314\site-packages\statsmodels\tsa\base\tsa_model.py:473: ValueWarning: An unsupported index was provided. As a result, forecasts cannot be generated. To use the model for forecasting, use one of the supported classes of index.
  self._init_dates(dates, freq)
C:\Users\ninop\AppData\Roaming\Python\Python314\site-packages\statsmodels\tsa\base\tsa_model.py:473: ValueWarning: An unsupported index was provided. As a result, forecasts cannot be generated. To use the model for forecasting, use one of the supported classes of index.
  self._init_dates(dates, freq)
C:\Users\ninop\AppData\Roaming\Python\Python314\site-packages\statsmodels\tsa\base\tsa_model.py:837: ValueWarning: No supported index is available. Prediction results will be given with an integer index beginning at `start`.
  return get_prediction_index(
C:\Users\ninop\AppData\Roaming\Python\Python314\site-packages\statsmodels\tsa\base\tsa_model.py:837: FutureWarning: No supported index is available. In the next version, calling this method in a model without a supported index will result in an exception.
  return get_prediction_index(
C:\Users\ninop\AppData\Roaming\Python\Python314\site-packages\statsmodels\tsa\base\tsa_model.py:473: ValueWarning: An unsupported index was provided. As a result, forecasts cannot be generated. To use the model for forecasting, use one of the supported classes of index.
  self._init_dates(dates, freq)
C:\Users\ninop\AppData\Roaming\Python\Python314\site-packages\statsmodels\tsa\base\tsa_model.py:473: ValueWarning: An unsupported index was provided. As a result, forecasts cannot be generated. To use the model for forecasting, use one of the supported classes of index.
  self._init_dates(dates, freq)
C:\Users\ninop\AppData\Roaming\Python\Python314\site-packages\statsmodels\tsa\base\tsa_model.py:473: ValueWarning: An unsupported index was provided. As a result, forecasts cannot be generated. To use the model for forecasting, use one of the supported classes of index.
  self._init_dates(dates, freq)
C:\Users\ninop\AppData\Roaming\Python\Python314\site-packages\statsmodels\tsa\base\tsa_model.py:837: ValueWarning: No supported index is available. Prediction results will be given with an integer index beginning at `start`.
  return get_prediction_index(
C:\Users\ninop\AppData\Roaming\Python\Python314\site-packages\statsmodels\tsa\base\tsa_model.py:837: FutureWarning: No supported index is available. In the next version, calling this method in a model without a supported index will result in an exception.
  return get_prediction_index(
C:\Users\ninop\AppData\Roaming\Python\Python314\site-packages\statsmodels\tsa\base\tsa_model.py:473: ValueWarning: An unsupported index was provided. As a result, forecasts cannot be generated. To use the model for forecasting, use one of the supported classes of index.
  self._init_dates(dates, freq)
C:\Users\ninop\AppData\Roaming\Python\Python314\site-packages\statsmodels\tsa\base\tsa_model.py:473: ValueWarning: An unsupported index was provided. As a result, forecasts cannot be generated. To use the model for forecasting, use one of the supported classes of index.
  self._init_dates(dates, freq)
C:\Users\ninop\AppData\Roaming\Python\Python314\site-packages\statsmodels\tsa\base\tsa_model.py:473: ValueWarning: An unsupported index was provided. As a result, forecasts cannot be generated. To use the model for forecasting, use one of the supported classes of index.
  self._init_dates(dates, freq)
C:\Users\ninop\AppData\Roaming\Python\Python314\site-packages\statsmodels\tsa\base\tsa_model.py:837: ValueWarning: No supported index is available. Prediction results will be given with an integer index beginning at `start`.
  return get_prediction_index(
C:\Users\ninop\AppData\Roaming\Python\Python314\site-packages\statsmodels\tsa\base\tsa_model.py:837: FutureWarning: No supported index is available. In the next version, calling this method in a model without a supported index will result in an exception.
  return get_prediction_index(
C:\Users\ninop\AppData\Roaming\Python\Python314\site-packages\statsmodels\tsa\base\tsa_model.py:473: ValueWarning: An unsupported index was provided. As a result, forecasts cannot be generated. To use the model for forecasting, use one of the supported classes of index.
  self._init_dates(dates, freq)
C:\Users\ninop\AppData\Roaming\Python\Python314\site-packages\statsmodels\tsa\base\tsa_model.py:473: ValueWarning: An unsupported index was provided. As a result, forecasts cannot be generated. To use the model for forecasting, use one of the supported classes of index.
  self._init_dates(dates, freq)
C:\Users\ninop\AppData\Roaming\Python\Python314\site-packages\statsmodels\tsa\base\tsa_model.py:473: ValueWarning: An unsupported index was provided. As a result, forecasts cannot be generated. To use the model for forecasting, use one of the supported classes of index.
  self._init_dates(dates, freq)
C:\Users\ninop\AppData\Roaming\Python\Python314\site-packages\statsmodels\tsa\base\tsa_model.py:837: ValueWarning: No supported index is available. Prediction results will be given with an integer index beginning at `start`.
  return get_prediction_index(
C:\Users\ninop\AppData\Roaming\Python\Python314\site-packages\statsmodels\tsa\base\tsa_model.py:837: FutureWarning: No supported index is available. In the next version, calling this method in a model without a supported index will result in an exception.
  return get_prediction_index(
C:\Users\ninop\AppData\Roaming\Python\Python314\site-packages\statsmodels\tsa\base\tsa_model.py:473: ValueWarning: An unsupported index was provided. As a result, forecasts cannot be generated. To use the model for forecasting, use one of the supported classes of index.
  self._init_dates(dates, freq)
C:\Users\ninop\AppData\Roaming\Python\Python314\site-packages\statsmodels\tsa\base\tsa_model.py:473: ValueWarning: An unsupported index was provided. As a result, forecasts cannot be generated. To use the model for forecasting, use one of the supported classes of index.
  self._init_dates(dates, freq)
C:\Users\ninop\AppData\Roaming\Python\Python314\site-packages\statsmodels\tsa\base\tsa_model.py:473: ValueWarning: An unsupported index was provided. As a result, forecasts cannot be generated. To use the model for forecasting, use one of the supported classes of index.
  self._init_dates(dates, freq)
C:\Users\ninop\AppData\Roaming\Python\Python314\site-packages\statsmodels\tsa\base\tsa_model.py:837: ValueWarning: No supported index is available. Prediction results will be given with an integer index beginning at `start`.
  return get_prediction_index(
C:\Users\ninop\AppData\Roaming\Python\Python314\site-packages\statsmodels\tsa\base\tsa_model.py:837: FutureWarning: No supported index is available. In the next version, calling this method in a model without a supported index will result in an exception.
  return get_prediction_index(
2026-08-07 18:09:34,815 | INFO | werkzeug | 127.0.0.1 - - [07/Aug/2026 18:09:34] "GET /api/market/analysis/solana?days=7 HTTP/1.1" 200 -
2026-08-07 18:09:34,826 | INFO | werkzeug | 127.0.0.1 - - [07/Aug/2026 18:09:34] "GET /api/assistant/summary?coin_id=solana HTTP/1.1" 200 -
2026-08-07 18:09:34,833 | INFO | werkzeug | 127.0.0.1 - - [07/Aug/2026 18:09:34] "GET /api/alerts?limit=5 HTTP/1.1" 200 -
2026-08-07 18:10:28,303 | INFO | werkzeug | 127.0.0.1 - - [07/Aug/2026 18:10:28] "GET /api/market/snapshots?limit=500 HTTP/1.1" 200 -
C:\Users\ninop\AppData\Roaming\Python\Python314\site-packages\statsmodels\tsa\base\tsa_model.py:473: ValueWarning: An unsupported index was provided. As a result, forecasts cannot be generated. To use the model for forecasting, use one of the supported classes of index.
  self._init_dates(dates, freq)
C:\Users\ninop\AppData\Roaming\Python\Python314\site-packages\statsmodels\tsa\base\tsa_model.py:473: ValueWarning: An unsupported index was provided. As a result, forecasts cannot be generated. To use the model for forecasting, use one of the supported classes of index.
  self._init_dates(dates, freq)
C:\Users\ninop\AppData\Roaming\Python\Python314\site-packages\statsmodels\tsa\base\tsa_model.py:473: ValueWarning: An unsupported index was provided. As a result, forecasts cannot be generated. To use the model for forecasting, use one of the supported classes of index.
  self._init_dates(dates, freq)
C:\Users\ninop\AppData\Roaming\Python\Python314\site-packages\statsmodels\tsa\base\tsa_model.py:473: ValueWarning: An unsupported index was provided. As a result, forecasts cannot be generated. To use the model for forecasting, use one of the supported classes of index.
  self._init_dates(dates, freq)
C:\Users\ninop\AppData\Roaming\Python\Python314\site-packages\statsmodels\tsa\base\tsa_model.py:473: ValueWarning: An unsupported index was provided. As a result, forecasts cannot be generated. To use the model for forecasting, use one of the supported classes of index.
  self._init_dates(dates, freq)
C:\Users\ninop\AppData\Roaming\Python\Python314\site-packages\statsmodels\tsa\base\tsa_model.py:473: ValueWarning: An unsupported index was provided. As a result, forecasts cannot be generated. To use the model for forecasting, use one of the supported classes of index.
  self._init_dates(dates, freq)
C:\Users\ninop\AppData\Roaming\Python\Python314\site-packages\statsmodels\tsa\base\tsa_model.py:473: ValueWarning: An unsupported index was provided. As a result, forecasts cannot be generated. To use the model for forecasting, use one of the supported classes of index.
  self._init_dates(dates, freq)
C:\Users\ninop\AppData\Roaming\Python\Python314\site-packages\statsmodels\tsa\base\tsa_model.py:473: ValueWarning: An unsupported index was provided. As a result, forecasts cannot be generated. To use the model for forecasting, use one of the supported classes of index.
  self._init_dates(dates, freq)
C:\Users\ninop\AppData\Roaming\Python\Python314\site-packages\statsmodels\tsa\base\tsa_model.py:473: ValueWarning: An unsupported index was provided. As a result, forecasts cannot be generated. To use the model for forecasting, use one of the supported classes of index.
  self._init_dates(dates, freq)
C:\Users\ninop\AppData\Roaming\Python\Python314\site-packages\statsmodels\tsa\base\tsa_model.py:473: ValueWarning: An unsupported index was provided. As a result, forecasts cannot be generated. To use the model for forecasting, use one of the supported classes of index.
  self._init_dates(dates, freq)
C:\Users\ninop\AppData\Roaming\Python\Python314\site-packages\statsmodels\tsa\base\tsa_model.py:473: ValueWarning: An unsupported index was provided. As a result, forecasts cannot be generated. To use the model for forecasting, use one of the supported classes of index.
  self._init_dates(dates, freq)
C:\Users\ninop\AppData\Roaming\Python\Python314\site-packages\statsmodels\tsa\base\tsa_model.py:473: ValueWarning: An unsupported index was provided. As a result, forecasts cannot be generated. To use the model for forecasting, use one of the supported classes of index.
  self._init_dates(dates, freq)
C:\Users\ninop\AppData\Roaming\Python\Python314\site-packages\statsmodels\tsa\base\tsa_model.py:473: ValueWarning: An unsupported index was provided. As a result, forecasts cannot be generated. To use the model for forecasting, use one of the supported classes of index.
  self._init_dates(dates, freq)
C:\Users\ninop\AppData\Roaming\Python\Python314\site-packages\statsmodels\tsa\base\tsa_model.py:473: ValueWarning: An unsupported index was provided. As a result, forecasts cannot be generated. To use the model for forecasting, use one of the supported classes of index.
  self._init_dates(dates, freq)
C:\Users\ninop\AppData\Roaming\Python\Python314\site-packages\statsmodels\tsa\base\tsa_model.py:473: ValueWarning: An unsupported index was provided. As a result, forecasts cannot be generated. To use the model for forecasting, use one of the supported classes of index.
  self._init_dates(dates, freq)
C:\Users\ninop\AppData\Roaming\Python\Python314\site-packages\statsmodels\tsa\base\tsa_model.py:473: ValueWarning: An unsupported index was provided. As a result, forecasts cannot be generated. To use the model for forecasting, use one of the supported classes of index.
  self._init_dates(dates, freq)
C:\Users\ninop\AppData\Roaming\Python\Python314\site-packages\statsmodels\tsa\base\tsa_model.py:473: ValueWarning: An unsupported index was provided. As a result, forecasts cannot be generated. To use the model for forecasting, use one of the supported classes of index.
  self._init_dates(dates, freq)
C:\Users\ninop\AppData\Roaming\Python\Python314\site-packages\statsmodels\tsa\base\tsa_model.py:473: ValueWarning: An unsupported index was provided. As a result, forecasts cannot be generated. To use the model for forecasting, use one of the supported classes of index.
  self._init_dates(dates, freq)
C:\Users\ninop\AppData\Roaming\Python\Python314\site-packages\statsmodels\tsa\base\tsa_model.py:473: ValueWarning: An unsupported index was provided. As a result, forecasts cannot be generated. To use the model for forecasting, use one of the supported classes of index.
  self._init_dates(dates, freq)
C:\Users\ninop\AppData\Roaming\Python\Python314\site-packages\statsmodels\tsa\base\tsa_model.py:473: ValueWarning: An unsupported index was provided. As a result, forecasts cannot be generated. To use the model for forecasting, use one of the supported classes of index.
  self._init_dates(dates, freq)
C:\Users\ninop\AppData\Roaming\Python\Python314\site-packages\statsmodels\tsa\base\tsa_model.py:473: ValueWarning: An unsupported index was provided. As a result, forecasts cannot be generated. To use the model for forecasting, use one of the supported classes of index.
  self._init_dates(dates, freq)
C:\Users\ninop\AppData\Roaming\Python\Python314\site-packages\statsmodels\tsa\base\tsa_model.py:473: ValueWarning: An unsupported index was provided. As a result, forecasts cannot be generated. To use the model for forecasting, use one of the supported classes of index.
  self._init_dates(dates, freq)
C:\Users\ninop\AppData\Roaming\Python\Python314\site-packages\statsmodels\tsa\base\tsa_model.py:473: ValueWarning: An unsupported index was provided. As a result, forecasts cannot be generated. To use the model for forecasting, use one of the supported classes of index.
  self._init_dates(dates, freq)
C:\Users\ninop\AppData\Roaming\Python\Python314\site-packages\statsmodels\tsa\base\tsa_model.py:473: ValueWarning: An unsupported index was provided. As a result, forecasts cannot be generated. To use the model for forecasting, use one of the supported classes of index.
  self._init_dates(dates, freq)
C:\Users\ninop\AppData\Roaming\Python\Python314\site-packages\statsmodels\tsa\base\tsa_model.py:473: ValueWarning: An unsupported index was provided. As a result, forecasts cannot be generated. To use the model for forecasting, use one of the supported classes of index.
  self._init_dates(dates, freq)
C:\Users\ninop\AppData\Roaming\Python\Python314\site-packages\statsmodels\tsa\base\tsa_model.py:473: ValueWarning: An unsupported index was provided. As a result, forecasts cannot be generated. To use the model for forecasting, use one of the supported classes of index.
  self._init_dates(dates, freq)
C:\Users\ninop\AppData\Roaming\Python\Python314\site-packages\statsmodels\tsa\base\tsa_model.py:473: ValueWarning: An unsupported index was provided. As a result, forecasts cannot be generated. To use the model for forecasting, use one of the supported classes of index.
  self._init_dates(dates, freq)
C:\Users\ninop\AppData\Roaming\Python\Python314\site-packages\statsmodels\tsa\base\tsa_model.py:837: ValueWarning: No supported index is available. Prediction results will be given with an integer index beginning at `start`.
  return get_prediction_index(
C:\Users\ninop\AppData\Roaming\Python\Python314\site-packages\statsmodels\tsa\base\tsa_model.py:837: FutureWarning: No supported index is available. In the next version, calling this method in a model without a supported index will result in an exception.
  return get_prediction_index(
C:\Users\ninop\AppData\Roaming\Python\Python314\site-packages\statsmodels\tsa\base\tsa_model.py:473: ValueWarning: An unsupported index was provided. As a result, forecasts cannot be generated. To use the model for forecasting, use one of the supported classes of index.
  self._init_dates(dates, freq)
C:\Users\ninop\AppData\Roaming\Python\Python314\site-packages\statsmodels\tsa\base\tsa_model.py:473: ValueWarning: An unsupported index was provided. As a result, forecasts cannot be generated. To use the model for forecasting, use one of the supported classes of index.
  self._init_dates(dates, freq)
C:\Users\ninop\AppData\Roaming\Python\Python314\site-packages\statsmodels\tsa\base\tsa_model.py:473: ValueWarning: An unsupported index was provided. As a result, forecasts cannot be generated. To use the model for forecasting, use one of the supported classes of index.
  self._init_dates(dates, freq)
C:\Users\ninop\AppData\Roaming\Python\Python314\site-packages\statsmodels\tsa\base\tsa_model.py:837: ValueWarning: No supported index is available. Prediction results will be given with an integer index beginning at `start`.
  return get_prediction_index(
C:\Users\ninop\AppData\Roaming\Python\Python314\site-packages\statsmodels\tsa\base\tsa_model.py:837: FutureWarning: No supported index is available. In the next version, calling this method in a model without a supported index will result in an exception.
  return get_prediction_index(
2026-08-07 18:10:31,820 | INFO | werkzeug | 127.0.0.1 - - [07/Aug/2026 18:10:31] "GET /api/market/analysis/solana?days=90 HTTP/1.1" 200 -
2026-08-07 18:10:31,830 | INFO | werkzeug | 127.0.0.1 - - [07/Aug/2026 18:10:31] "GET /api/assistant/summary?coin_id=solana HTTP/1.1" 200 -
2026-08-07 18:10:31,852 | INFO | werkzeug | 127.0.0.1 - - [07/Aug/2026 18:10:31] "GET /api/alerts?limit=5 HTTP/1.1" 200 -
2026-08-07 18:11:39,289 | INFO | werkzeug | 127.0.0.1 - - [07/Aug/2026 18:11:39] "POST /api/market/refresh HTTP/1.1" 200 -
2026-08-07 18:11:39,321 | INFO | werkzeug | 127.0.0.1 - - [07/Aug/2026 18:11:39] "GET /api/market/snapshots?limit=500 HTTP/1.1" 200 -
C:\Users\ninop\AppData\Roaming\Python\Python314\site-packages\statsmodels\tsa\base\tsa_model.py:473: ValueWarning: An unsupported index was provided. As a result, forecasts cannot be generated. To use the model for forecasting, use one of the supported classes of index.
  self._init_dates(dates, freq)
C:\Users\ninop\AppData\Roaming\Python\Python314\site-packages\statsmodels\tsa\base\tsa_model.py:473: ValueWarning: An unsupported index was provided. As a result, forecasts cannot be generated. To use the model for forecasting, use one of the supported classes of index.
  self._init_dates(dates, freq)
C:\Users\ninop\AppData\Roaming\Python\Python314\site-packages\statsmodels\tsa\base\tsa_model.py:473: ValueWarning: An unsupported index was provided. As a result, forecasts cannot be generated. To use the model for forecasting, use one of the supported classes of index.
  self._init_dates(dates, freq)
C:\Users\ninop\AppData\Roaming\Python\Python314\site-packages\statsmodels\tsa\base\tsa_model.py:473: ValueWarning: An unsupported index was provided. As a result, forecasts cannot be generated. To use the model for forecasting, use one of the supported classes of index.
  self._init_dates(dates, freq)
C:\Users\ninop\AppData\Roaming\Python\Python314\site-packages\statsmodels\tsa\base\tsa_model.py:473: ValueWarning: An unsupported index was provided. As a result, forecasts cannot be generated. To use the model for forecasting, use one of the supported classes of index.
  self._init_dates(dates, freq)
C:\Users\ninop\AppData\Roaming\Python\Python314\site-packages\statsmodels\tsa\base\tsa_model.py:473: ValueWarning: An unsupported index was provided. As a result, forecasts cannot be generated. To use the model for forecasting, use one of the supported classes of index.
  self._init_dates(dates, freq)
C:\Users\ninop\AppData\Roaming\Python\Python314\site-packages\statsmodels\tsa\base\tsa_model.py:473: ValueWarning: An unsupported index was provided. As a result, forecasts cannot be generated. To use the model for forecasting, use one of the supported classes of index.
  self._init_dates(dates, freq)
C:\Users\ninop\AppData\Roaming\Python\Python314\site-packages\statsmodels\tsa\base\tsa_model.py:473: ValueWarning: An unsupported index was provided. As a result, forecasts cannot be generated. To use the model for forecasting, use one of the supported classes of index.
  self._init_dates(dates, freq)
C:\Users\ninop\AppData\Roaming\Python\Python314\site-packages\statsmodels\tsa\base\tsa_model.py:473: ValueWarning: An unsupported index was provided. As a result, forecasts cannot be generated. To use the model for forecasting, use one of the supported classes of index.
  self._init_dates(dates, freq)
C:\Users\ninop\AppData\Roaming\Python\Python314\site-packages\statsmodels\tsa\base\tsa_model.py:473: ValueWarning: An unsupported index was provided. As a result, forecasts cannot be generated. To use the model for forecasting, use one of the supported classes of index.
  self._init_dates(dates, freq)
C:\Users\ninop\AppData\Roaming\Python\Python314\site-packages\statsmodels\tsa\base\tsa_model.py:473: ValueWarning: An unsupported index was provided. As a result, forecasts cannot be generated. To use the model for forecasting, use one of the supported classes of index.
  self._init_dates(dates, freq)
C:\Users\ninop\AppData\Roaming\Python\Python314\site-packages\statsmodels\tsa\base\tsa_model.py:473: ValueWarning: An unsupported index was provided. As a result, forecasts cannot be generated. To use the model for forecasting, use one of the supported classes of index.
  self._init_dates(dates, freq)
C:\Users\ninop\AppData\Roaming\Python\Python314\site-packages\statsmodels\tsa\base\tsa_model.py:473: ValueWarning: An unsupported index was provided. As a result, forecasts cannot be generated. To use the model for forecasting, use one of the supported classes of index.
  self._init_dates(dates, freq)
C:\Users\ninop\AppData\Roaming\Python\Python314\site-packages\statsmodels\tsa\base\tsa_model.py:473: ValueWarning: An unsupported index was provided. As a result, forecasts cannot be generated. To use the model for forecasting, use one of the supported classes of index.
  self._init_dates(dates, freq)
C:\Users\ninop\AppData\Roaming\Python\Python314\site-packages\statsmodels\tsa\base\tsa_model.py:473: ValueWarning: An unsupported index was provided. As a result, forecasts cannot be generated. To use the model for forecasting, use one of the supported classes of index.
  self._init_dates(dates, freq)
C:\Users\ninop\AppData\Roaming\Python\Python314\site-packages\statsmodels\tsa\base\tsa_model.py:473: ValueWarning: An unsupported index was provided. As a result, forecasts cannot be generated. To use the model for forecasting, use one of the supported classes of index.
  self._init_dates(dates, freq)
C:\Users\ninop\AppData\Roaming\Python\Python314\site-packages\statsmodels\tsa\base\tsa_model.py:473: ValueWarning: An unsupported index was provided. As a result, forecasts cannot be generated. To use the model for forecasting, use one of the supported classes of index.
  self._init_dates(dates, freq)
C:\Users\ninop\AppData\Roaming\Python\Python314\site-packages\statsmodels\tsa\base\tsa_model.py:473: ValueWarning: An unsupported index was provided. As a result, forecasts cannot be generated. To use the model for forecasting, use one of the supported classes of index.
  self._init_dates(dates, freq)
C:\Users\ninop\AppData\Roaming\Python\Python314\site-packages\statsmodels\tsa\base\tsa_model.py:473: ValueWarning: An unsupported index was provided. As a result, forecasts cannot be generated. To use the model for forecasting, use one of the supported classes of index.
  self._init_dates(dates, freq)
C:\Users\ninop\AppData\Roaming\Python\Python314\site-packages\statsmodels\tsa\base\tsa_model.py:473: ValueWarning: An unsupported index was provided. As a result, forecasts cannot be generated. To use the model for forecasting, use one of the supported classes of index.
  self._init_dates(dates, freq)
C:\Users\ninop\AppData\Roaming\Python\Python314\site-packages\statsmodels\tsa\base\tsa_model.py:473: ValueWarning: An unsupported index was provided. As a result, forecasts cannot be generated. To use the model for forecasting, use one of the supported classes of index.
  self._init_dates(dates, freq)
C:\Users\ninop\AppData\Roaming\Python\Python314\site-packages\statsmodels\tsa\base\tsa_model.py:473: ValueWarning: An unsupported index was provided. As a result, forecasts cannot be generated. To use the model for forecasting, use one of the supported classes of index.
  self._init_dates(dates, freq)
C:\Users\ninop\AppData\Roaming\Python\Python314\site-packages\statsmodels\tsa\base\tsa_model.py:473: ValueWarning: An unsupported index was provided. As a result, forecasts cannot be generated. To use the model for forecasting, use one of the supported classes of index.
  self._init_dates(dates, freq)
C:\Users\ninop\AppData\Roaming\Python\Python314\site-packages\statsmodels\tsa\base\tsa_model.py:473: ValueWarning: An unsupported index was provided. As a result, forecasts cannot be generated. To use the model for forecasting, use one of the supported classes of index.
  self._init_dates(dates, freq)
C:\Users\ninop\AppData\Roaming\Python\Python314\site-packages\statsmodels\tsa\base\tsa_model.py:473: ValueWarning: An unsupported index was provided. As a result, forecasts cannot be generated. To use the model for forecasting, use one of the supported classes of index.
  self._init_dates(dates, freq)
C:\Users\ninop\AppData\Roaming\Python\Python314\site-packages\statsmodels\tsa\base\tsa_model.py:473: ValueWarning: An unsupported index was provided. As a result, forecasts cannot be generated. To use the model for forecasting, use one of the supported classes of index.
  self._init_dates(dates, freq)
C:\Users\ninop\AppData\Roaming\Python\Python314\site-packages\statsmodels\tsa\base\tsa_model.py:473: ValueWarning: An unsupported index was provided. As a result, forecasts cannot be generated. To use the model for forecasting, use one of the supported classes of index.
  self._init_dates(dates, freq)
C:\Users\ninop\AppData\Roaming\Python\Python314\site-packages\statsmodels\tsa\base\tsa_model.py:837: ValueWarning: No supported index is available. Prediction results will be given with an integer index beginning at `start`.
  return get_prediction_index(
C:\Users\ninop\AppData\Roaming\Python\Python314\site-packages\statsmodels\tsa\base\tsa_model.py:837: FutureWarning: No supported index is available. In the next version, calling this method in a model without a supported index will result in an exception.
  return get_prediction_index(
C:\Users\ninop\AppData\Roaming\Python\Python314\site-packages\statsmodels\tsa\base\tsa_model.py:473: ValueWarning: An unsupported index was provided. As a result, forecasts cannot be generated. To use the model for forecasting, use one of the supported classes of index.
  self._init_dates(dates, freq)
C:\Users\ninop\AppData\Roaming\Python\Python314\site-packages\statsmodels\tsa\base\tsa_model.py:473: ValueWarning: An unsupported index was provided. As a result, forecasts cannot be generated. To use the model for forecasting, use one of the supported classes of index.
  self._init_dates(dates, freq)
C:\Users\ninop\AppData\Roaming\Python\Python314\site-packages\statsmodels\tsa\base\tsa_model.py:473: ValueWarning: An unsupported index was provided. As a result, forecasts cannot be generated. To use the model for forecasting, use one of the supported classes of index.
  self._init_dates(dates, freq)
C:\Users\ninop\AppData\Roaming\Python\Python314\site-packages\statsmodels\tsa\base\tsa_model.py:837: ValueWarning: No supported index is available. Prediction results will be given with an integer index beginning at `start`.
  return get_prediction_index(
C:\Users\ninop\AppData\Roaming\Python\Python314\site-packages\statsmodels\tsa\base\tsa_model.py:837: FutureWarning: No supported index is available. In the next version, calling this method in a model without a supported index will result in an exception.
  return get_prediction_index(
2026-08-07 18:11:41,521 | INFO | werkzeug | 127.0.0.1 - - [07/Aug/2026 18:11:41] "GET /api/market/analysis/solana?days=90 HTTP/1.1" 200 -
2026-08-07 18:11:41,554 | INFO | werkzeug | 127.0.0.1 - - [07/Aug/2026 18:11:41] "GET /api/assistant/summary?coin_id=solana HTTP/1.1" 200 -
2026-08-07 18:11:41,564 | INFO | werkzeug | 127.0.0.1 - - [07/Aug/2026 18:11:41] "GET /api/alerts?limit=5 HTTP/1.1" 200 -
2026-08-07 18:12:29,139 | INFO | werkzeug | 127.0.0.1 - - [07/Aug/2026 18:12:29] "GET /api/market/snapshots?limit=500 HTTP/1.1" 200 -
C:\Users\ninop\AppData\Roaming\Python\Python314\site-packages\statsmodels\tsa\base\tsa_model.py:473: ValueWarning: An unsupported index was provided. As a result, forecasts cannot be generated. To use the model for forecasting, use one of the supported classes of index.
  self._init_dates(dates, freq)
C:\Users\ninop\AppData\Roaming\Python\Python314\site-packages\statsmodels\tsa\base\tsa_model.py:473: ValueWarning: An unsupported index was provided. As a result, forecasts cannot be generated. To use the model for forecasting, use one of the supported classes of index.
  self._init_dates(dates, freq)
C:\Users\ninop\AppData\Roaming\Python\Python314\site-packages\statsmodels\tsa\base\tsa_model.py:473: ValueWarning: An unsupported index was provided. As a result, forecasts cannot be generated. To use the model for forecasting, use one of the supported classes of index.
  self._init_dates(dates, freq)
C:\Users\ninop\AppData\Roaming\Python\Python314\site-packages\statsmodels\tsa\base\tsa_model.py:473: ValueWarning: An unsupported index was provided. As a result, forecasts cannot be generated. To use the model for forecasting, use one of the supported classes of index.
  self._init_dates(dates, freq)
C:\Users\ninop\AppData\Roaming\Python\Python314\site-packages\statsmodels\tsa\base\tsa_model.py:473: ValueWarning: An unsupported index was provided. As a result, forecasts cannot be generated. To use the model for forecasting, use one of the supported classes of index.
  self._init_dates(dates, freq)
C:\Users\ninop\AppData\Roaming\Python\Python314\site-packages\statsmodels\tsa\base\tsa_model.py:473: ValueWarning: An unsupported index was provided. As a result, forecasts cannot be generated. To use the model for forecasting, use one of the supported classes of index.
  self._init_dates(dates, freq)
C:\Users\ninop\AppData\Roaming\Python\Python314\site-packages\statsmodels\tsa\base\tsa_model.py:473: ValueWarning: An unsupported index was provided. As a result, forecasts cannot be generated. To use the model for forecasting, use one of the supported classes of index.
  self._init_dates(dates, freq)
C:\Users\ninop\AppData\Roaming\Python\Python314\site-packages\statsmodels\tsa\base\tsa_model.py:473: ValueWarning: An unsupported index was provided. As a result, forecasts cannot be generated. To use the model for forecasting, use one of the supported classes of index.
  self._init_dates(dates, freq)
C:\Users\ninop\AppData\Roaming\Python\Python314\site-packages\statsmodels\tsa\base\tsa_model.py:473: ValueWarning: An unsupported index was provided. As a result, forecasts cannot be generated. To use the model for forecasting, use one of the supported classes of index.
  self._init_dates(dates, freq)
C:\Users\ninop\AppData\Roaming\Python\Python314\site-packages\statsmodels\tsa\base\tsa_model.py:473: ValueWarning: An unsupported index was provided. As a result, forecasts cannot be generated. To use the model for forecasting, use one of the supported classes of index.
  self._init_dates(dates, freq)
C:\Users\ninop\AppData\Roaming\Python\Python314\site-packages\statsmodels\tsa\base\tsa_model.py:473: ValueWarning: An unsupported index was provided. As a result, forecasts cannot be generated. To use the model for forecasting, use one of the supported classes of index.
  self._init_dates(dates, freq)
C:\Users\ninop\AppData\Roaming\Python\Python314\site-packages\statsmodels\tsa\base\tsa_model.py:473: ValueWarning: An unsupported index was provided. As a result, forecasts cannot be generated. To use the model for forecasting, use one of the supported classes of index.
  self._init_dates(dates, freq)
C:\Users\ninop\AppData\Roaming\Python\Python314\site-packages\statsmodels\tsa\base\tsa_model.py:473: ValueWarning: An unsupported index was provided. As a result, forecasts cannot be generated. To use the model for forecasting, use one of the supported classes of index.
  self._init_dates(dates, freq)
C:\Users\ninop\AppData\Roaming\Python\Python314\site-packages\statsmodels\tsa\base\tsa_model.py:473: ValueWarning: An unsupported index was provided. As a result, forecasts cannot be generated. To use the model for forecasting, use one of the supported classes of index.
  self._init_dates(dates, freq)
C:\Users\ninop\AppData\Roaming\Python\Python314\site-packages\statsmodels\tsa\base\tsa_model.py:473: ValueWarning: An unsupported index was provided. As a result, forecasts cannot be generated. To use the model for forecasting, use one of the supported classes of index.
  self._init_dates(dates, freq)
C:\Users\ninop\AppData\Roaming\Python\Python314\site-packages\statsmodels\tsa\base\tsa_model.py:473: ValueWarning: An unsupported index was provided. As a result, forecasts cannot be generated. To use the model for forecasting, use one of the supported classes of index.
  self._init_dates(dates, freq)
C:\Users\ninop\AppData\Roaming\Python\Python314\site-packages\statsmodels\tsa\base\tsa_model.py:473: ValueWarning: An unsupported index was provided. As a result, forecasts cannot be generated. To use the model for forecasting, use one of the supported classes of index.
  self._init_dates(dates, freq)
C:\Users\ninop\AppData\Roaming\Python\Python314\site-packages\statsmodels\tsa\base\tsa_model.py:473: ValueWarning: An unsupported index was provided. As a result, forecasts cannot be generated. To use the model for forecasting, use one of the supported classes of index.
  self._init_dates(dates, freq)
C:\Users\ninop\AppData\Roaming\Python\Python314\site-packages\statsmodels\tsa\base\tsa_model.py:473: ValueWarning: An unsupported index was provided. As a result, forecasts cannot be generated. To use the model for forecasting, use one of the supported classes of index.
  self._init_dates(dates, freq)
C:\Users\ninop\AppData\Roaming\Python\Python314\site-packages\statsmodels\tsa\base\tsa_model.py:473: ValueWarning: An unsupported index was provided. As a result, forecasts cannot be generated. To use the model for forecasting, use one of the supported classes of index.
  self._init_dates(dates, freq)
C:\Users\ninop\AppData\Roaming\Python\Python314\site-packages\statsmodels\tsa\base\tsa_model.py:473: ValueWarning: An unsupported index was provided. As a result, forecasts cannot be generated. To use the model for forecasting, use one of the supported classes of index.
  self._init_dates(dates, freq)
C:\Users\ninop\AppData\Roaming\Python\Python314\site-packages\statsmodels\tsa\base\tsa_model.py:473: ValueWarning: An unsupported index was provided. As a result, forecasts cannot be generated. To use the model for forecasting, use one of the supported classes of index.
  self._init_dates(dates, freq)
C:\Users\ninop\AppData\Roaming\Python\Python314\site-packages\statsmodels\tsa\base\tsa_model.py:473: ValueWarning: An unsupported index was provided. As a result, forecasts cannot be generated. To use the model for forecasting, use one of the supported classes of index.
  self._init_dates(dates, freq)
C:\Users\ninop\AppData\Roaming\Python\Python314\site-packages\statsmodels\tsa\base\tsa_model.py:473: ValueWarning: An unsupported index was provided. As a result, forecasts cannot be generated. To use the model for forecasting, use one of the supported classes of index.
  self._init_dates(dates, freq)
C:\Users\ninop\AppData\Roaming\Python\Python314\site-packages\statsmodels\tsa\base\tsa_model.py:473: ValueWarning: An unsupported index was provided. As a result, forecasts cannot be generated. To use the model for forecasting, use one of the supported classes of index.
  self._init_dates(dates, freq)
C:\Users\ninop\AppData\Roaming\Python\Python314\site-packages\statsmodels\tsa\base\tsa_model.py:473: ValueWarning: An unsupported index was provided. As a result, forecasts cannot be generated. To use the model for forecasting, use one of the supported classes of index.
  self._init_dates(dates, freq)
C:\Users\ninop\AppData\Roaming\Python\Python314\site-packages\statsmodels\tsa\base\tsa_model.py:473: ValueWarning: An unsupported index was provided. As a result, forecasts cannot be generated. To use the model for forecasting, use one of the supported classes of index.
  self._init_dates(dates, freq)
C:\Users\ninop\AppData\Roaming\Python\Python314\site-packages\statsmodels\tsa\base\tsa_model.py:837: ValueWarning: No supported index is available. Prediction results will be given with an integer index beginning at `start`.
  return get_prediction_index(
C:\Users\ninop\AppData\Roaming\Python\Python314\site-packages\statsmodels\tsa\base\tsa_model.py:837: FutureWarning: No supported index is available. In the next version, calling this method in a model without a supported index will result in an exception.
  return get_prediction_index(
C:\Users\ninop\AppData\Roaming\Python\Python314\site-packages\statsmodels\tsa\base\tsa_model.py:473: ValueWarning: An unsupported index was provided. As a result, forecasts cannot be generated. To use the model for forecasting, use one of the supported classes of index.
  self._init_dates(dates, freq)
C:\Users\ninop\AppData\Roaming\Python\Python314\site-packages\statsmodels\tsa\base\tsa_model.py:473: ValueWarning: An unsupported index was provided. As a result, forecasts cannot be generated. To use the model for forecasting, use one of the supported classes of index.
  self._init_dates(dates, freq)
C:\Users\ninop\AppData\Roaming\Python\Python314\site-packages\statsmodels\tsa\base\tsa_model.py:473: ValueWarning: An unsupported index was provided. As a result, forecasts cannot be generated. To use the model for forecasting, use one of the supported classes of index.
  self._init_dates(dates, freq)
C:\Users\ninop\AppData\Roaming\Python\Python314\site-packages\statsmodels\tsa\base\tsa_model.py:837: ValueWarning: No supported index is available. Prediction results will be given with an integer index beginning at `start`.
  return get_prediction_index(
C:\Users\ninop\AppData\Roaming\Python\Python314\site-packages\statsmodels\tsa\base\tsa_model.py:837: FutureWarning: No supported index is available. In the next version, calling this method in a model without a supported index will result in an exception.
  return get_prediction_index(
C:\Users\ninop\AppData\Roaming\Python\Python314\site-packages\statsmodels\tsa\base\tsa_model.py:473: ValueWarning: An unsupported index was provided. As a result, forecasts cannot be generated. To use the model for forecasting, use one of the supported classes of index.
  self._init_dates(dates, freq)
C:\Users\ninop\AppData\Roaming\Python\Python314\site-packages\statsmodels\tsa\base\tsa_model.py:473: ValueWarning: An unsupported index was provided. As a result, forecasts cannot be generated. To use the model for forecasting, use one of the supported classes of index.
  self._init_dates(dates, freq)
C:\Users\ninop\AppData\Roaming\Python\Python314\site-packages\statsmodels\tsa\base\tsa_model.py:473: ValueWarning: An unsupported index was provided. As a result, forecasts cannot be generated. To use the model for forecasting, use one of the supported classes of index.
  self._init_dates(dates, freq)
C:\Users\ninop\AppData\Roaming\Python\Python314\site-packages\statsmodels\tsa\base\tsa_model.py:837: ValueWarning: No supported index is available. Prediction results will be given with an integer index beginning at `start`.
  return get_prediction_index(
C:\Users\ninop\AppData\Roaming\Python\Python314\site-packages\statsmodels\tsa\base\tsa_model.py:837: FutureWarning: No supported index is available. In the next version, calling this method in a model without a supported index will result in an exception.
  return get_prediction_index(
C:\Users\ninop\AppData\Roaming\Python\Python314\site-packages\statsmodels\tsa\base\tsa_model.py:473: ValueWarning: An unsupported index was provided. As a result, forecasts cannot be generated. To use the model for forecasting, use one of the supported classes of index.
  self._init_dates(dates, freq)
C:\Users\ninop\AppData\Roaming\Python\Python314\site-packages\statsmodels\tsa\base\tsa_model.py:473: ValueWarning: An unsupported index was provided. As a result, forecasts cannot be generated. To use the model for forecasting, use one of the supported classes of index.
  self._init_dates(dates, freq)
C:\Users\ninop\AppData\Roaming\Python\Python314\site-packages\statsmodels\tsa\base\tsa_model.py:473: ValueWarning: An unsupported index was provided. As a result, forecasts cannot be generated. To use the model for forecasting, use one of the supported classes of index.
  self._init_dates(dates, freq)
C:\Users\ninop\AppData\Roaming\Python\Python314\site-packages\statsmodels\tsa\base\tsa_model.py:837: ValueWarning: No supported index is available. Prediction results will be given with an integer index beginning at `start`.
  return get_prediction_index(
C:\Users\ninop\AppData\Roaming\Python\Python314\site-packages\statsmodels\tsa\base\tsa_model.py:837: FutureWarning: No supported index is available. In the next version, calling this method in a model without a supported index will result in an exception.
  return get_prediction_index(
C:\Users\ninop\AppData\Roaming\Python\Python314\site-packages\statsmodels\tsa\base\tsa_model.py:473: ValueWarning: An unsupported index was provided. As a result, forecasts cannot be generated. To use the model for forecasting, use one of the supported classes of index.
  self._init_dates(dates, freq)
C:\Users\ninop\AppData\Roaming\Python\Python314\site-packages\statsmodels\tsa\base\tsa_model.py:473: ValueWarning: An unsupported index was provided. As a result, forecasts cannot be generated. To use the model for forecasting, use one of the supported classes of index.
  self._init_dates(dates, freq)
C:\Users\ninop\AppData\Roaming\Python\Python314\site-packages\statsmodels\tsa\base\tsa_model.py:473: ValueWarning: An unsupported index was provided. As a result, forecasts cannot be generated. To use the model for forecasting, use one of the supported classes of index.
  self._init_dates(dates, freq)
C:\Users\ninop\AppData\Roaming\Python\Python314\site-packages\statsmodels\tsa\base\tsa_model.py:837: ValueWarning: No supported index is available. Prediction results will be given with an integer index beginning at `start`.
  return get_prediction_index(
C:\Users\ninop\AppData\Roaming\Python\Python314\site-packages\statsmodels\tsa\base\tsa_model.py:837: FutureWarning: No supported index is available. In the next version, calling this method in a model without a supported index will result in an exception.
  return get_prediction_index(
2026-08-07 18:12:32,549 | INFO | werkzeug | 127.0.0.1 - - [07/Aug/2026 18:12:32] "GET /api/market/analysis/bitcoin?days=365 HTTP/1.1" 200 -
2026-08-07 18:12:32,572 | INFO | werkzeug | 127.0.0.1 - - [07/Aug/2026 18:12:32] "GET /api/assistant/summary?coin_id=bitcoin HTTP/1.1" 200 -
2026-08-07 18:12:32,596 | INFO | werkzeug | 127.0.0.1 - - [07/Aug/2026 18:12:32] "GET /api/alerts?limit=5 HTTP/1.1" 200 -
2026-08-07 18:12:45,162 | INFO | werkzeug | 127.0.0.1 - - [07/Aug/2026 18:12:45] "GET /api/market/snapshots?limit=500 HTTP/1.1" 200 -
C:\Users\ninop\AppData\Roaming\Python\Python314\site-packages\statsmodels\tsa\base\tsa_model.py:473: ValueWarning: An unsupported index was provided. As a result, forecasts cannot be generated. To use the model for forecasting, use one of the supported classes of index.
  self._init_dates(dates, freq)
C:\Users\ninop\AppData\Roaming\Python\Python314\site-packages\statsmodels\tsa\base\tsa_model.py:473: ValueWarning: An unsupported index was provided. As a result, forecasts cannot be generated. To use the model for forecasting, use one of the supported classes of index.
  self._init_dates(dates, freq)
C:\Users\ninop\AppData\Roaming\Python\Python314\site-packages\statsmodels\tsa\base\tsa_model.py:473: ValueWarning: An unsupported index was provided. As a result, forecasts cannot be generated. To use the model for forecasting, use one of the supported classes of index.
  self._init_dates(dates, freq)
C:\Users\ninop\AppData\Roaming\Python\Python314\site-packages\statsmodels\tsa\base\tsa_model.py:473: ValueWarning: An unsupported index was provided. As a result, forecasts cannot be generated. To use the model for forecasting, use one of the supported classes of index.
  self._init_dates(dates, freq)
C:\Users\ninop\AppData\Roaming\Python\Python314\site-packages\statsmodels\tsa\base\tsa_model.py:473: ValueWarning: An unsupported index was provided. As a result, forecasts cannot be generated. To use the model for forecasting, use one of the supported classes of index.
  self._init_dates(dates, freq)
C:\Users\ninop\AppData\Roaming\Python\Python314\site-packages\statsmodels\tsa\base\tsa_model.py:473: ValueWarning: An unsupported index was provided. As a result, forecasts cannot be generated. To use the model for forecasting, use one of the supported classes of index.
  self._init_dates(dates, freq)
C:\Users\ninop\AppData\Roaming\Python\Python314\site-packages\statsmodels\tsa\base\tsa_model.py:473: ValueWarning: An unsupported index was provided. As a result, forecasts cannot be generated. To use the model for forecasting, use one of the supported classes of index.
  self._init_dates(dates, freq)
C:\Users\ninop\AppData\Roaming\Python\Python314\site-packages\statsmodels\tsa\base\tsa_model.py:473: ValueWarning: An unsupported index was provided. As a result, forecasts cannot be generated. To use the model for forecasting, use one of the supported classes of index.
  self._init_dates(dates, freq)
C:\Users\ninop\AppData\Roaming\Python\Python314\site-packages\statsmodels\tsa\base\tsa_model.py:473: ValueWarning: An unsupported index was provided. As a result, forecasts cannot be generated. To use the model for forecasting, use one of the supported classes of index.
  self._init_dates(dates, freq)
C:\Users\ninop\AppData\Roaming\Python\Python314\site-packages\statsmodels\tsa\base\tsa_model.py:473: ValueWarning: An unsupported index was provided. As a result, forecasts cannot be generated. To use the model for forecasting, use one of the supported classes of index.
  self._init_dates(dates, freq)
C:\Users\ninop\AppData\Roaming\Python\Python314\site-packages\statsmodels\tsa\base\tsa_model.py:473: ValueWarning: An unsupported index was provided. As a result, forecasts cannot be generated. To use the model for forecasting, use one of the supported classes of index.
  self._init_dates(dates, freq)
C:\Users\ninop\AppData\Roaming\Python\Python314\site-packages\statsmodels\tsa\base\tsa_model.py:473: ValueWarning: An unsupported index was provided. As a result, forecasts cannot be generated. To use the model for forecasting, use one of the supported classes of index.
  self._init_dates(dates, freq)
C:\Users\ninop\AppData\Roaming\Python\Python314\site-packages\statsmodels\tsa\base\tsa_model.py:473: ValueWarning: An unsupported index was provided. As a result, forecasts cannot be generated. To use the model for forecasting, use one of the supported classes of index.
  self._init_dates(dates, freq)
C:\Users\ninop\AppData\Roaming\Python\Python314\site-packages\statsmodels\tsa\base\tsa_model.py:473: ValueWarning: An unsupported index was provided. As a result, forecasts cannot be generated. To use the model for forecasting, use one of the supported classes of index.
  self._init_dates(dates, freq)
C:\Users\ninop\AppData\Roaming\Python\Python314\site-packages\statsmodels\tsa\base\tsa_model.py:473: ValueWarning: An unsupported index was provided. As a result, forecasts cannot be generated. To use the model for forecasting, use one of the supported classes of index.
  self._init_dates(dates, freq)
C:\Users\ninop\AppData\Roaming\Python\Python314\site-packages\statsmodels\tsa\base\tsa_model.py:473: ValueWarning: An unsupported index was provided. As a result, forecasts cannot be generated. To use the model for forecasting, use one of the supported classes of index.
  self._init_dates(dates, freq)
C:\Users\ninop\AppData\Roaming\Python\Python314\site-packages\statsmodels\tsa\base\tsa_model.py:473: ValueWarning: An unsupported index was provided. As a result, forecasts cannot be generated. To use the model for forecasting, use one of the supported classes of index.
  self._init_dates(dates, freq)
C:\Users\ninop\AppData\Roaming\Python\Python314\site-packages\statsmodels\tsa\base\tsa_model.py:473: ValueWarning: An unsupported index was provided. As a result, forecasts cannot be generated. To use the model for forecasting, use one of the supported classes of index.
  self._init_dates(dates, freq)
C:\Users\ninop\AppData\Roaming\Python\Python314\site-packages\statsmodels\tsa\base\tsa_model.py:473: ValueWarning: An unsupported index was provided. As a result, forecasts cannot be generated. To use the model for forecasting, use one of the supported classes of index.
  self._init_dates(dates, freq)
C:\Users\ninop\AppData\Roaming\Python\Python314\site-packages\statsmodels\tsa\base\tsa_model.py:473: ValueWarning: An unsupported index was provided. As a result, forecasts cannot be generated. To use the model for forecasting, use one of the supported classes of index.
  self._init_dates(dates, freq)
C:\Users\ninop\AppData\Roaming\Python\Python314\site-packages\statsmodels\tsa\base\tsa_model.py:473: ValueWarning: An unsupported index was provided. As a result, forecasts cannot be generated. To use the model for forecasting, use one of the supported classes of index.
  self._init_dates(dates, freq)
C:\Users\ninop\AppData\Roaming\Python\Python314\site-packages\statsmodels\tsa\base\tsa_model.py:473: ValueWarning: An unsupported index was provided. As a result, forecasts cannot be generated. To use the model for forecasting, use one of the supported classes of index.
  self._init_dates(dates, freq)
C:\Users\ninop\AppData\Roaming\Python\Python314\site-packages\statsmodels\tsa\base\tsa_model.py:473: ValueWarning: An unsupported index was provided. As a result, forecasts cannot be generated. To use the model for forecasting, use one of the supported classes of index.
  self._init_dates(dates, freq)
C:\Users\ninop\AppData\Roaming\Python\Python314\site-packages\statsmodels\tsa\base\tsa_model.py:473: ValueWarning: An unsupported index was provided. As a result, forecasts cannot be generated. To use the model for forecasting, use one of the supported classes of index.
  self._init_dates(dates, freq)
C:\Users\ninop\AppData\Roaming\Python\Python314\site-packages\statsmodels\tsa\base\tsa_model.py:473: ValueWarning: An unsupported index was provided. As a result, forecasts cannot be generated. To use the model for forecasting, use one of the supported classes of index.
  self._init_dates(dates, freq)
C:\Users\ninop\AppData\Roaming\Python\Python314\site-packages\statsmodels\tsa\base\tsa_model.py:473: ValueWarning: An unsupported index was provided. As a result, forecasts cannot be generated. To use the model for forecasting, use one of the supported classes of index.
  self._init_dates(dates, freq)
C:\Users\ninop\AppData\Roaming\Python\Python314\site-packages\statsmodels\tsa\base\tsa_model.py:473: ValueWarning: An unsupported index was provided. As a result, forecasts cannot be generated. To use the model for forecasting, use one of the supported classes of index.
  self._init_dates(dates, freq)
C:\Users\ninop\AppData\Roaming\Python\Python314\site-packages\statsmodels\tsa\base\tsa_model.py:837: ValueWarning: No supported index is available. Prediction results will be given with an integer index beginning at `start`.
  return get_prediction_index(
C:\Users\ninop\AppData\Roaming\Python\Python314\site-packages\statsmodels\tsa\base\tsa_model.py:837: FutureWarning: No supported index is available. In the next version, calling this method in a model without a supported index will result in an exception.
  return get_prediction_index(
C:\Users\ninop\AppData\Roaming\Python\Python314\site-packages\statsmodels\tsa\base\tsa_model.py:473: ValueWarning: An unsupported index was provided. As a result, forecasts cannot be generated. To use the model for forecasting, use one of the supported classes of index.
  self._init_dates(dates, freq)
C:\Users\ninop\AppData\Roaming\Python\Python314\site-packages\statsmodels\tsa\base\tsa_model.py:473: ValueWarning: An unsupported index was provided. As a result, forecasts cannot be generated. To use the model for forecasting, use one of the supported classes of index.
  self._init_dates(dates, freq)
C:\Users\ninop\AppData\Roaming\Python\Python314\site-packages\statsmodels\tsa\base\tsa_model.py:473: ValueWarning: An unsupported index was provided. As a result, forecasts cannot be generated. To use the model for forecasting, use one of the supported classes of index.
  self._init_dates(dates, freq)
C:\Users\ninop\AppData\Roaming\Python\Python314\site-packages\statsmodels\tsa\base\tsa_model.py:837: ValueWarning: No supported index is available. Prediction results will be given with an integer index beginning at `start`.
  return get_prediction_index(
C:\Users\ninop\AppData\Roaming\Python\Python314\site-packages\statsmodels\tsa\base\tsa_model.py:837: FutureWarning: No supported index is available. In the next version, calling this method in a model without a supported index will result in an exception.
  return get_prediction_index(
2026-08-07 18:12:46,900 | INFO | werkzeug | 127.0.0.1 - - [07/Aug/2026 18:12:46] "GET /api/market/analysis/solana?days=90 HTTP/1.1" 200 -
2026-08-07 18:12:46,919 | INFO | werkzeug | 127.0.0.1 - - [07/Aug/2026 18:12:46] "GET /api/assistant/summary?coin_id=solana HTTP/1.1" 200 -
2026-08-07 18:12:46,930 | INFO | werkzeug | 127.0.0.1 - - [07/Aug/2026 18:12:46] "GET /api/alerts?limit=5 HTTP/1.1" 200 -
C:\Users\ninop\AppData\Roaming\Python\Python314\site-packages\statsmodels\tsa\base\tsa_model.py:473: ValueWarning: An unsupported index was provided. As a result, forecasts cannot be generated. To use the model for forecasting, use one of the supported classes of index.
  self._init_dates(dates, freq)
C:\Users\ninop\AppData\Roaming\Python\Python314\site-packages\statsmodels\tsa\base\tsa_model.py:473: ValueWarning: An unsupported index was provided. As a result, forecasts cannot be generated. To use the model for forecasting, use one of the supported classes of index.
  self._init_dates(dates, freq)
C:\Users\ninop\AppData\Roaming\Python\Python314\site-packages\statsmodels\tsa\base\tsa_model.py:473: ValueWarning: An unsupported index was provided. As a result, forecasts cannot be generated. To use the model for forecasting, use one of the supported classes of index.
  self._init_dates(dates, freq)
C:\Users\ninop\AppData\Roaming\Python\Python314\site-packages\statsmodels\tsa\base\tsa_model.py:473: ValueWarning: An unsupported index was provided. As a result, forecasts cannot be generated. To use the model for forecasting, use one of the supported classes of index.
  self._init_dates(dates, freq)
C:\Users\ninop\AppData\Roaming\Python\Python314\site-packages\statsmodels\tsa\base\tsa_model.py:473: ValueWarning: An unsupported index was provided. As a result, forecasts cannot be generated. To use the model for forecasting, use one of the supported classes of index.
  self._init_dates(dates, freq)
C:\Users\ninop\AppData\Roaming\Python\Python314\site-packages\statsmodels\tsa\base\tsa_model.py:473: ValueWarning: An unsupported index was provided. As a result, forecasts cannot be generated. To use the model for forecasting, use one of the supported classes of index.
  self._init_dates(dates, freq)
C:\Users\ninop\AppData\Roaming\Python\Python314\site-packages\statsmodels\tsa\base\tsa_model.py:473: ValueWarning: An unsupported index was provided. As a result, forecasts cannot be generated. To use the model for forecasting, use one of the supported classes of index.
  self._init_dates(dates, freq)
C:\Users\ninop\AppData\Roaming\Python\Python314\site-packages\statsmodels\tsa\base\tsa_model.py:473: ValueWarning: An unsupported index was provided. As a result, forecasts cannot be generated. To use the model for forecasting, use one of the supported classes of index.
  self._init_dates(dates, freq)
C:\Users\ninop\AppData\Roaming\Python\Python314\site-packages\statsmodels\tsa\base\tsa_model.py:473: ValueWarning: An unsupported index was provided. As a result, forecasts cannot be generated. To use the model for forecasting, use one of the supported classes of index.
  self._init_dates(dates, freq)
C:\Users\ninop\AppData\Roaming\Python\Python314\site-packages\statsmodels\tsa\base\tsa_model.py:473: ValueWarning: An unsupported index was provided. As a result, forecasts cannot be generated. To use the model for forecasting, use one of the supported classes of index.
  self._init_dates(dates, freq)
C:\Users\ninop\AppData\Roaming\Python\Python314\site-packages\statsmodels\tsa\base\tsa_model.py:473: ValueWarning: An unsupported index was provided. As a result, forecasts cannot be generated. To use the model for forecasting, use one of the supported classes of index.
  self._init_dates(dates, freq)
C:\Users\ninop\AppData\Roaming\Python\Python314\site-packages\statsmodels\tsa\base\tsa_model.py:473: ValueWarning: An unsupported index was provided. As a result, forecasts cannot be generated. To use the model for forecasting, use one of the supported classes of index.
  self._init_dates(dates, freq)
C:\Users\ninop\AppData\Roaming\Python\Python314\site-packages\statsmodels\tsa\base\tsa_model.py:473: ValueWarning: An unsupported index was provided. As a result, forecasts cannot be generated. To use the model for forecasting, use one of the supported classes of index.
  self._init_dates(dates, freq)
C:\Users\ninop\AppData\Roaming\Python\Python314\site-packages\statsmodels\tsa\base\tsa_model.py:473: ValueWarning: An unsupported index was provided. As a result, forecasts cannot be generated. To use the model for forecasting, use one of the supported classes of index.
  self._init_dates(dates, freq)
C:\Users\ninop\AppData\Roaming\Python\Python314\site-packages\statsmodels\tsa\base\tsa_model.py:473: ValueWarning: An unsupported index was provided. As a result, forecasts cannot be generated. To use the model for forecasting, use one of the supported classes of index.
  self._init_dates(dates, freq)
C:\Users\ninop\AppData\Roaming\Python\Python314\site-packages\statsmodels\tsa\base\tsa_model.py:473: ValueWarning: An unsupported index was provided. As a result, forecasts cannot be generated. To use the model for forecasting, use one of the supported classes of index.
  self._init_dates(dates, freq)
C:\Users\ninop\AppData\Roaming\Python\Python314\site-packages\statsmodels\tsa\base\tsa_model.py:473: ValueWarning: An unsupported index was provided. As a result, forecasts cannot be generated. To use the model for forecasting, use one of the supported classes of index.
  self._init_dates(dates, freq)
C:\Users\ninop\AppData\Roaming\Python\Python314\site-packages\statsmodels\tsa\base\tsa_model.py:473: ValueWarning: An unsupported index was provided. As a result, forecasts cannot be generated. To use the model for forecasting, use one of the supported classes of index.
  self._init_dates(dates, freq)
C:\Users\ninop\AppData\Roaming\Python\Python314\site-packages\statsmodels\tsa\base\tsa_model.py:473: ValueWarning: An unsupported index was provided. As a result, forecasts cannot be generated. To use the model for forecasting, use one of the supported classes of index.
  self._init_dates(dates, freq)
C:\Users\ninop\AppData\Roaming\Python\Python314\site-packages\statsmodels\tsa\base\tsa_model.py:473: ValueWarning: An unsupported index was provided. As a result, forecasts cannot be generated. To use the model for forecasting, use one of the supported classes of index.
  self._init_dates(dates, freq)
C:\Users\ninop\AppData\Roaming\Python\Python314\site-packages\statsmodels\tsa\base\tsa_model.py:473: ValueWarning: An unsupported index was provided. As a result, forecasts cannot be generated. To use the model for forecasting, use one of the supported classes of index.
  self._init_dates(dates, freq)
C:\Users\ninop\AppData\Roaming\Python\Python314\site-packages\statsmodels\tsa\base\tsa_model.py:473: ValueWarning: An unsupported index was provided. As a result, forecasts cannot be generated. To use the model for forecasting, use one of the supported classes of index.
  self._init_dates(dates, freq)
C:\Users\ninop\AppData\Roaming\Python\Python314\site-packages\statsmodels\tsa\base\tsa_model.py:473: ValueWarning: An unsupported index was provided. As a result, forecasts cannot be generated. To use the model for forecasting, use one of the supported classes of index.
  self._init_dates(dates, freq)
C:\Users\ninop\AppData\Roaming\Python\Python314\site-packages\statsmodels\tsa\base\tsa_model.py:473: ValueWarning: An unsupported index was provided. As a result, forecasts cannot be generated. To use the model for forecasting, use one of the supported classes of index.
  self._init_dates(dates, freq)
C:\Users\ninop\AppData\Roaming\Python\Python314\site-packages\statsmodels\tsa\base\tsa_model.py:473: ValueWarning: An unsupported index was provided. As a result, forecasts cannot be generated. To use the model for forecasting, use one of the supported classes of index.
  self._init_dates(dates, freq)
C:\Users\ninop\AppData\Roaming\Python\Python314\site-packages\statsmodels\tsa\base\tsa_model.py:473: ValueWarning: An unsupported index was provided. As a result, forecasts cannot be generated. To use the model for forecasting, use one of the supported classes of index.
  self._init_dates(dates, freq)
C:\Users\ninop\AppData\Roaming\Python\Python314\site-packages\statsmodels\tsa\base\tsa_model.py:473: ValueWarning: An unsupported index was provided. As a result, forecasts cannot be generated. To use the model for forecasting, use one of the supported classes of index.
  self._init_dates(dates, freq)
C:\Users\ninop\AppData\Roaming\Python\Python314\site-packages\statsmodels\tsa\base\tsa_model.py:473: ValueWarning: An unsupported index was provided. As a result, forecasts cannot be generated. To use the model for forecasting, use one of the supported classes of index.
  self._init_dates(dates, freq)
C:\Users\ninop\AppData\Roaming\Python\Python314\site-packages\statsmodels\tsa\base\tsa_model.py:473: ValueWarning: An unsupported index was provided. As a result, forecasts cannot be generated. To use the model for forecasting, use one of the supported classes of index.
  self._init_dates(dates, freq)
C:\Users\ninop\AppData\Roaming\Python\Python314\site-packages\statsmodels\tsa\base\tsa_model.py:473: ValueWarning: An unsupported index was provided. As a result, forecasts cannot be generated. To use the model for forecasting, use one of the supported classes of index.
  self._init_dates(dates, freq)
C:\Users\ninop\AppData\Roaming\Python\Python314\site-packages\statsmodels\tsa\base\tsa_model.py:473: ValueWarning: An unsupported index was provided. As a result, forecasts cannot be generated. To use the model for forecasting, use one of the supported classes of index.
  self._init_dates(dates, freq)
C:\Users\ninop\AppData\Roaming\Python\Python314\site-packages\statsmodels\tsa\base\tsa_model.py:473: ValueWarning: An unsupported index was provided. As a result, forecasts cannot be generated. To use the model for forecasting, use one of the supported classes of index.
  self._init_dates(dates, freq)
C:\Users\ninop\AppData\Roaming\Python\Python314\site-packages\statsmodels\tsa\base\tsa_model.py:473: ValueWarning: An unsupported index was provided. As a result, forecasts cannot be generated. To use the model for forecasting, use one of the supported classes of index.
  self._init_dates(dates, freq)
C:\Users\ninop\AppData\Roaming\Python\Python314\site-packages\statsmodels\tsa\base\tsa_model.py:837: ValueWarning: No supported index is available. Prediction results will be given with an integer index beginning at `start`.
  return get_prediction_index(
C:\Users\ninop\AppData\Roaming\Python\Python314\site-packages\statsmodels\tsa\base\tsa_model.py:837: FutureWarning: No supported index is available. In the next version, calling this method in a model without a supported index will result in an exception.
  return get_prediction_index(
C:\Users\ninop\AppData\Roaming\Python\Python314\site-packages\statsmodels\tsa\base\tsa_model.py:473: ValueWarning: An unsupported index was provided. As a result, forecasts cannot be generated. To use the model for forecasting, use one of the supported classes of index.
  self._init_dates(dates, freq)
C:\Users\ninop\AppData\Roaming\Python\Python314\site-packages\statsmodels\tsa\base\tsa_model.py:473: ValueWarning: An unsupported index was provided. As a result, forecasts cannot be generated. To use the model for forecasting, use one of the supported classes of index.
  self._init_dates(dates, freq)
C:\Users\ninop\AppData\Roaming\Python\Python314\site-packages\statsmodels\tsa\base\tsa_model.py:473: ValueWarning: An unsupported index was provided. As a result, forecasts cannot be generated. To use the model for forecasting, use one of the supported classes of index.
  self._init_dates(dates, freq)
C:\Users\ninop\AppData\Roaming\Python\Python314\site-packages\statsmodels\tsa\base\tsa_model.py:473: ValueWarning: An unsupported index was provided. As a result, forecasts cannot be generated. To use the model for forecasting, use one of the supported classes of index.
  self._init_dates(dates, freq)
C:\Users\ninop\AppData\Roaming\Python\Python314\site-packages\statsmodels\tsa\base\tsa_model.py:473: ValueWarning: An unsupported index was provided. As a result, forecasts cannot be generated. To use the model for forecasting, use one of the supported classes of index.
  self._init_dates(dates, freq)
C:\Users\ninop\AppData\Roaming\Python\Python314\site-packages\statsmodels\tsa\base\tsa_model.py:473: ValueWarning: An unsupported index was provided. As a result, forecasts cannot be generated. To use the model for forecasting, use one of the supported classes of index.
  self._init_dates(dates, freq)
C:\Users\ninop\AppData\Roaming\Python\Python314\site-packages\statsmodels\tsa\base\tsa_model.py:473: ValueWarning: An unsupported index was provided. As a result, forecasts cannot be generated. To use the model for forecasting, use one of the supported classes of index.
  self._init_dates(dates, freq)
C:\Users\ninop\AppData\Roaming\Python\Python314\site-packages\statsmodels\tsa\base\tsa_model.py:473: ValueWarning: An unsupported index was provided. As a result, forecasts cannot be generated. To use the model for forecasting, use one of the supported classes of index.
  self._init_dates(dates, freq)
C:\Users\ninop\AppData\Roaming\Python\Python314\site-packages\statsmodels\tsa\base\tsa_model.py:473: ValueWarning: An unsupported index was provided. As a result, forecasts cannot be generated. To use the model for forecasting, use one of the supported classes of index.
  self._init_dates(dates, freq)
C:\Users\ninop\AppData\Roaming\Python\Python314\site-packages\statsmodels\tsa\base\tsa_model.py:473: ValueWarning: An unsupported index was provided. As a result, forecasts cannot be generated. To use the model for forecasting, use one of the supported classes of index.
  self._init_dates(dates, freq)
C:\Users\ninop\AppData\Roaming\Python\Python314\site-packages\statsmodels\tsa\base\tsa_model.py:473: ValueWarning: An unsupported index was provided. As a result, forecasts cannot be generated. To use the model for forecasting, use one of the supported classes of index.
  self._init_dates(dates, freq)
C:\Users\ninop\AppData\Roaming\Python\Python314\site-packages\statsmodels\tsa\base\tsa_model.py:473: ValueWarning: An unsupported index was provided. As a result, forecasts cannot be generated. To use the model for forecasting, use one of the supported classes of index.
  self._init_dates(dates, freq)
C:\Users\ninop\AppData\Roaming\Python\Python314\site-packages\statsmodels\tsa\base\tsa_model.py:473: ValueWarning: An unsupported index was provided. As a result, forecasts cannot be generated. To use the model for forecasting, use one of the supported classes of index.
  self._init_dates(dates, freq)
C:\Users\ninop\AppData\Roaming\Python\Python314\site-packages\statsmodels\tsa\base\tsa_model.py:473: ValueWarning: An unsupported index was provided. As a result, forecasts cannot be generated. To use the model for forecasting, use one of the supported classes of index.
  self._init_dates(dates, freq)
C:\Users\ninop\AppData\Roaming\Python\Python314\site-packages\statsmodels\tsa\base\tsa_model.py:473: ValueWarning: An unsupported index was provided. As a result, forecasts cannot be generated. To use the model for forecasting, use one of the supported classes of index.
  self._init_dates(dates, freq)
C:\Users\ninop\AppData\Roaming\Python\Python314\site-packages\statsmodels\tsa\base\tsa_model.py:473: ValueWarning: An unsupported index was provided. As a result, forecasts cannot be generated. To use the model for forecasting, use one of the supported classes of index.
  self._init_dates(dates, freq)
C:\Users\ninop\AppData\Roaming\Python\Python314\site-packages\statsmodels\tsa\base\tsa_model.py:473: ValueWarning: An unsupported index was provided. As a result, forecasts cannot be generated. To use the model for forecasting, use one of the supported classes of index.
  self._init_dates(dates, freq)
C:\Users\ninop\AppData\Roaming\Python\Python314\site-packages\statsmodels\tsa\base\tsa_model.py:473: ValueWarning: An unsupported index was provided. As a result, forecasts cannot be generated. To use the model for forecasting, use one of the supported classes of index.
  self._init_dates(dates, freq)
C:\Users\ninop\AppData\Roaming\Python\Python314\site-packages\statsmodels\tsa\base\tsa_model.py:837: ValueWarning: No supported index is available. Prediction results will be given with an integer index beginning at `start`.
  return get_prediction_index(
C:\Users\ninop\AppData\Roaming\Python\Python314\site-packages\statsmodels\tsa\base\tsa_model.py:837: FutureWarning: No supported index is available. In the next version, calling this method in a model without a supported index will result in an exception.
  return get_prediction_index(
C:\Users\ninop\AppData\Roaming\Python\Python314\site-packages\statsmodels\tsa\base\tsa_model.py:473: ValueWarning: An unsupported index was provided. As a result, forecasts cannot be generated. To use the model for forecasting, use one of the supported classes of index.
  self._init_dates(dates, freq)
C:\Users\ninop\AppData\Roaming\Python\Python314\site-packages\statsmodels\tsa\base\tsa_model.py:473: ValueWarning: An unsupported index was provided. As a result, forecasts cannot be generated. To use the model for forecasting, use one of the supported classes of index.
  self._init_dates(dates, freq)
C:\Users\ninop\AppData\Roaming\Python\Python314\site-packages\statsmodels\tsa\base\tsa_model.py:473: ValueWarning: An unsupported index was provided. As a result, forecasts cannot be generated. To use the model for forecasting, use one of the supported classes of index.
  self._init_dates(dates, freq)
C:\Users\ninop\AppData\Roaming\Python\Python314\site-packages\statsmodels\tsa\base\tsa_model.py:473: ValueWarning: An unsupported index was provided. As a result, forecasts cannot be generated. To use the model for forecasting, use one of the supported classes of index.
  self._init_dates(dates, freq)
C:\Users\ninop\AppData\Roaming\Python\Python314\site-packages\statsmodels\tsa\base\tsa_model.py:473: ValueWarning: An unsupported index was provided. As a result, forecasts cannot be generated. To use the model for forecasting, use one of the supported classes of index.
  self._init_dates(dates, freq)
C:\Users\ninop\AppData\Roaming\Python\Python314\site-packages\statsmodels\tsa\base\tsa_model.py:473: ValueWarning: An unsupported index was provided. As a result, forecasts cannot be generated. To use the model for forecasting, use one of the supported classes of index.
  self._init_dates(dates, freq)
C:\Users\ninop\AppData\Roaming\Python\Python314\site-packages\statsmodels\tsa\base\tsa_model.py:837: ValueWarning: No supported index is available. Prediction results will be given with an integer index beginning at `start`.
  return get_prediction_index(
C:\Users\ninop\AppData\Roaming\Python\Python314\site-packages\statsmodels\tsa\base\tsa_model.py:837: FutureWarning: No supported index is available. In the next version, calling this method in a model without a supported index will result in an exception.
  return get_prediction_index(
C:\Users\ninop\AppData\Roaming\Python\Python314\site-packages\statsmodels\tsa\base\tsa_model.py:473: ValueWarning: An unsupported index was provided. As a result, forecasts cannot be generated. To use the model for forecasting, use one of the supported classes of index.
  self._init_dates(dates, freq)
C:\Users\ninop\AppData\Roaming\Python\Python314\site-packages\statsmodels\tsa\base\tsa_model.py:473: ValueWarning: An unsupported index was provided. As a result, forecasts cannot be generated. To use the model for forecasting, use one of the supported classes of index.
  self._init_dates(dates, freq)
C:\Users\ninop\AppData\Roaming\Python\Python314\site-packages\statsmodels\tsa\base\tsa_model.py:473: ValueWarning: An unsupported index was provided. As a result, forecasts cannot be generated. To use the model for forecasting, use one of the supported classes of index.
  self._init_dates(dates, freq)
C:\Users\ninop\AppData\Roaming\Python\Python314\site-packages\statsmodels\tsa\base\tsa_model.py:837: ValueWarning: No supported index is available. Prediction results will be given with an integer index beginning at `start`.
  return get_prediction_index(
C:\Users\ninop\AppData\Roaming\Python\Python314\site-packages\statsmodels\tsa\base\tsa_model.py:837: FutureWarning: No supported index is available. In the next version, calling this method in a model without a supported index will result in an exception.
  return get_prediction_index(
2026-08-07 18:13:40,999 | INFO | werkzeug | 127.0.0.1 - - [07/Aug/2026 18:13:40] "GET /api/market/analysis/solana?days=90&forecast_days=90 HTTP/1.1" 200 -
2026-08-07 18:13:41,516 | INFO | werkzeug | 127.0.0.1 - - [07/Aug/2026 18:13:41] "GET /api/market/analysis/solana?days=90&forecast_days=90 HTTP/1.1" 200 -
C:\Users\ninop\AppData\Roaming\Python\Python314\site-packages\statsmodels\tsa\base\tsa_model.py:473: ValueWarning: An unsupported index was provided. As a result, forecasts cannot be generated. To use the model for forecasting, use one of the supported classes of index.
  self._init_dates(dates, freq)
C:\Users\ninop\AppData\Roaming\Python\Python314\site-packages\statsmodels\tsa\base\tsa_model.py:473: ValueWarning: An unsupported index was provided. As a result, forecasts cannot be generated. To use the model for forecasting, use one of the supported classes of index.
  self._init_dates(dates, freq)
C:\Users\ninop\AppData\Roaming\Python\Python314\site-packages\statsmodels\tsa\base\tsa_model.py:473: ValueWarning: An unsupported index was provided. As a result, forecasts cannot be generated. To use the model for forecasting, use one of the supported classes of index.
  self._init_dates(dates, freq)
C:\Users\ninop\AppData\Roaming\Python\Python314\site-packages\statsmodels\tsa\base\tsa_model.py:473: ValueWarning: An unsupported index was provided. As a result, forecasts cannot be generated. To use the model for forecasting, use one of the supported classes of index.
  self._init_dates(dates, freq)
C:\Users\ninop\AppData\Roaming\Python\Python314\site-packages\statsmodels\tsa\base\tsa_model.py:473: ValueWarning: An unsupported index was provided. As a result, forecasts cannot be generated. To use the model for forecasting, use one of the supported classes of index.
  self._init_dates(dates, freq)
C:\Users\ninop\AppData\Roaming\Python\Python314\site-packages\statsmodels\tsa\base\tsa_model.py:473: ValueWarning: An unsupported index was provided. As a result, forecasts cannot be generated. To use the model for forecasting, use one of the supported classes of index.
  self._init_dates(dates, freq)
C:\Users\ninop\AppData\Roaming\Python\Python314\site-packages\statsmodels\tsa\base\tsa_model.py:473: ValueWarning: An unsupported index was provided. As a result, forecasts cannot be generated. To use the model for forecasting, use one of the supported classes of index.
  self._init_dates(dates, freq)
C:\Users\ninop\AppData\Roaming\Python\Python314\site-packages\statsmodels\tsa\base\tsa_model.py:473: ValueWarning: An unsupported index was provided. As a result, forecasts cannot be generated. To use the model for forecasting, use one of the supported classes of index.
  self._init_dates(dates, freq)
C:\Users\ninop\AppData\Roaming\Python\Python314\site-packages\statsmodels\tsa\base\tsa_model.py:473: ValueWarning: An unsupported index was provided. As a result, forecasts cannot be generated. To use the model for forecasting, use one of the supported classes of index.
  self._init_dates(dates, freq)
C:\Users\ninop\AppData\Roaming\Python\Python314\site-packages\statsmodels\tsa\base\tsa_model.py:473: ValueWarning: An unsupported index was provided. As a result, forecasts cannot be generated. To use the model for forecasting, use one of the supported classes of index.
  self._init_dates(dates, freq)
C:\Users\ninop\AppData\Roaming\Python\Python314\site-packages\statsmodels\tsa\base\tsa_model.py:473: ValueWarning: An unsupported index was provided. As a result, forecasts cannot be generated. To use the model for forecasting, use one of the supported classes of index.
  self._init_dates(dates, freq)
C:\Users\ninop\AppData\Roaming\Python\Python314\site-packages\statsmodels\tsa\base\tsa_model.py:473: ValueWarning: An unsupported index was provided. As a result, forecasts cannot be generated. To use the model for forecasting, use one of the supported classes of index.
  self._init_dates(dates, freq)
C:\Users\ninop\AppData\Roaming\Python\Python314\site-packages\statsmodels\tsa\base\tsa_model.py:473: ValueWarning: An unsupported index was provided. As a result, forecasts cannot be generated. To use the model for forecasting, use one of the supported classes of index.
  self._init_dates(dates, freq)
C:\Users\ninop\AppData\Roaming\Python\Python314\site-packages\statsmodels\tsa\base\tsa_model.py:473: ValueWarning: An unsupported index was provided. As a result, forecasts cannot be generated. To use the model for forecasting, use one of the supported classes of index.
  self._init_dates(dates, freq)
C:\Users\ninop\AppData\Roaming\Python\Python314\site-packages\statsmodels\tsa\base\tsa_model.py:473: ValueWarning: An unsupported index was provided. As a result, forecasts cannot be generated. To use the model for forecasting, use one of the supported classes of index.
  self._init_dates(dates, freq)
C:\Users\ninop\AppData\Roaming\Python\Python314\site-packages\statsmodels\tsa\base\tsa_model.py:473: ValueWarning: An unsupported index was provided. As a result, forecasts cannot be generated. To use the model for forecasting, use one of the supported classes of index.
  self._init_dates(dates, freq)
C:\Users\ninop\AppData\Roaming\Python\Python314\site-packages\statsmodels\tsa\base\tsa_model.py:473: ValueWarning: An unsupported index was provided. As a result, forecasts cannot be generated. To use the model for forecasting, use one of the supported classes of index.
  self._init_dates(dates, freq)
C:\Users\ninop\AppData\Roaming\Python\Python314\site-packages\statsmodels\tsa\base\tsa_model.py:473: ValueWarning: An unsupported index was provided. As a result, forecasts cannot be generated. To use the model for forecasting, use one of the supported classes of index.
  self._init_dates(dates, freq)
C:\Users\ninop\AppData\Roaming\Python\Python314\site-packages\statsmodels\tsa\base\tsa_model.py:473: ValueWarning: An unsupported index was provided. As a result, forecasts cannot be generated. To use the model for forecasting, use one of the supported classes of index.
  self._init_dates(dates, freq)
C:\Users\ninop\AppData\Roaming\Python\Python314\site-packages\statsmodels\tsa\base\tsa_model.py:473: ValueWarning: An unsupported index was provided. As a result, forecasts cannot be generated. To use the model for forecasting, use one of the supported classes of index.
  self._init_dates(dates, freq)
C:\Users\ninop\AppData\Roaming\Python\Python314\site-packages\statsmodels\tsa\base\tsa_model.py:473: ValueWarning: An unsupported index was provided. As a result, forecasts cannot be generated. To use the model for forecasting, use one of the supported classes of index.
  self._init_dates(dates, freq)
C:\Users\ninop\AppData\Roaming\Python\Python314\site-packages\statsmodels\tsa\base\tsa_model.py:473: ValueWarning: An unsupported index was provided. As a result, forecasts cannot be generated. To use the model for forecasting, use one of the supported classes of index.
  self._init_dates(dates, freq)
C:\Users\ninop\AppData\Roaming\Python\Python314\site-packages\statsmodels\tsa\base\tsa_model.py:473: ValueWarning: An unsupported index was provided. As a result, forecasts cannot be generated. To use the model for forecasting, use one of the supported classes of index.
  self._init_dates(dates, freq)
C:\Users\ninop\AppData\Roaming\Python\Python314\site-packages\statsmodels\tsa\base\tsa_model.py:473: ValueWarning: An unsupported index was provided. As a result, forecasts cannot be generated. To use the model for forecasting, use one of the supported classes of index.
  self._init_dates(dates, freq)
C:\Users\ninop\AppData\Roaming\Python\Python314\site-packages\statsmodels\tsa\base\tsa_model.py:473: ValueWarning: An unsupported index was provided. As a result, forecasts cannot be generated. To use the model for forecasting, use one of the supported classes of index.
  self._init_dates(dates, freq)
C:\Users\ninop\AppData\Roaming\Python\Python314\site-packages\statsmodels\tsa\base\tsa_model.py:473: ValueWarning: An unsupported index was provided. As a result, forecasts cannot be generated. To use the model for forecasting, use one of the supported classes of index.
  self._init_dates(dates, freq)
C:\Users\ninop\AppData\Roaming\Python\Python314\site-packages\statsmodels\tsa\base\tsa_model.py:473: ValueWarning: An unsupported index was provided. As a result, forecasts cannot be generated. To use the model for forecasting, use one of the supported classes of index.
  self._init_dates(dates, freq)
C:\Users\ninop\AppData\Roaming\Python\Python314\site-packages\statsmodels\tsa\base\tsa_model.py:837: ValueWarning: No supported index is available. Prediction results will be given with an integer index beginning at `start`.
  return get_prediction_index(
C:\Users\ninop\AppData\Roaming\Python\Python314\site-packages\statsmodels\tsa\base\tsa_model.py:837: FutureWarning: No supported index is available. In the next version, calling this method in a model without a supported index will result in an exception.
  return get_prediction_index(
C:\Users\ninop\AppData\Roaming\Python\Python314\site-packages\statsmodels\tsa\base\tsa_model.py:473: ValueWarning: An unsupported index was provided. As a result, forecasts cannot be generated. To use the model for forecasting, use one of the supported classes of index.
  self._init_dates(dates, freq)
C:\Users\ninop\AppData\Roaming\Python\Python314\site-packages\statsmodels\tsa\base\tsa_model.py:473: ValueWarning: An unsupported index was provided. As a result, forecasts cannot be generated. To use the model for forecasting, use one of the supported classes of index.
  self._init_dates(dates, freq)
C:\Users\ninop\AppData\Roaming\Python\Python314\site-packages\statsmodels\tsa\base\tsa_model.py:473: ValueWarning: An unsupported index was provided. As a result, forecasts cannot be generated. To use the model for forecasting, use one of the supported classes of index.
  self._init_dates(dates, freq)
C:\Users\ninop\AppData\Roaming\Python\Python314\site-packages\statsmodels\tsa\base\tsa_model.py:837: ValueWarning: No supported index is available. Prediction results will be given with an integer index beginning at `start`.
  return get_prediction_index(
C:\Users\ninop\AppData\Roaming\Python\Python314\site-packages\statsmodels\tsa\base\tsa_model.py:837: FutureWarning: No supported index is available. In the next version, calling this method in a model without a supported index will result in an exception.
  return get_prediction_index(
2026-08-07 18:14:00,335 | INFO | werkzeug | 127.0.0.1 - - [07/Aug/2026 18:14:00] "GET /api/market/analysis/solana?days=90&forecast_days=365 HTTP/1.1" 200 -
C:\Users\ninop\AppData\Roaming\Python\Python314\site-packages\statsmodels\tsa\base\tsa_model.py:473: ValueWarning: An unsupported index was provided. As a result, forecasts cannot be generated. To use the model for forecasting, use one of the supported classes of index.
  self._init_dates(dates, freq)
C:\Users\ninop\AppData\Roaming\Python\Python314\site-packages\statsmodels\tsa\base\tsa_model.py:473: ValueWarning: An unsupported index was provided. As a result, forecasts cannot be generated. To use the model for forecasting, use one of the supported classes of index.
  self._init_dates(dates, freq)
C:\Users\ninop\AppData\Roaming\Python\Python314\site-packages\statsmodels\tsa\base\tsa_model.py:473: ValueWarning: An unsupported index was provided. As a result, forecasts cannot be generated. To use the model for forecasting, use one of the supported classes of index.
  self._init_dates(dates, freq)
C:\Users\ninop\AppData\Roaming\Python\Python314\site-packages\statsmodels\tsa\base\tsa_model.py:473: ValueWarning: An unsupported index was provided. As a result, forecasts cannot be generated. To use the model for forecasting, use one of the supported classes of index.
  self._init_dates(dates, freq)
C:\Users\ninop\AppData\Roaming\Python\Python314\site-packages\statsmodels\tsa\base\tsa_model.py:473: ValueWarning: An unsupported index was provided. As a result, forecasts cannot be generated. To use the model for forecasting, use one of the supported classes of index.
  self._init_dates(dates, freq)
C:\Users\ninop\AppData\Roaming\Python\Python314\site-packages\statsmodels\tsa\base\tsa_model.py:473: ValueWarning: An unsupported index was provided. As a result, forecasts cannot be generated. To use the model for forecasting, use one of the supported classes of index.
  self._init_dates(dates, freq)
C:\Users\ninop\AppData\Roaming\Python\Python314\site-packages\statsmodels\tsa\base\tsa_model.py:473: ValueWarning: An unsupported index was provided. As a result, forecasts cannot be generated. To use the model for forecasting, use one of the supported classes of index.
  self._init_dates(dates, freq)
C:\Users\ninop\AppData\Roaming\Python\Python314\site-packages\statsmodels\tsa\base\tsa_model.py:473: ValueWarning: An unsupported index was provided. As a result, forecasts cannot be generated. To use the model for forecasting, use one of the supported classes of index.
  self._init_dates(dates, freq)
C:\Users\ninop\AppData\Roaming\Python\Python314\site-packages\statsmodels\tsa\base\tsa_model.py:473: ValueWarning: An unsupported index was provided. As a result, forecasts cannot be generated. To use the model for forecasting, use one of the supported classes of index.
  self._init_dates(dates, freq)
C:\Users\ninop\AppData\Roaming\Python\Python314\site-packages\statsmodels\tsa\base\tsa_model.py:473: ValueWarning: An unsupported index was provided. As a result, forecasts cannot be generated. To use the model for forecasting, use one of the supported classes of index.
  self._init_dates(dates, freq)
C:\Users\ninop\AppData\Roaming\Python\Python314\site-packages\statsmodels\tsa\base\tsa_model.py:473: ValueWarning: An unsupported index was provided. As a result, forecasts cannot be generated. To use the model for forecasting, use one of the supported classes of index.
  self._init_dates(dates, freq)
C:\Users\ninop\AppData\Roaming\Python\Python314\site-packages\statsmodels\tsa\base\tsa_model.py:473: ValueWarning: An unsupported index was provided. As a result, forecasts cannot be generated. To use the model for forecasting, use one of the supported classes of index.
  self._init_dates(dates, freq)
C:\Users\ninop\AppData\Roaming\Python\Python314\site-packages\statsmodels\tsa\base\tsa_model.py:473: ValueWarning: An unsupported index was provided. As a result, forecasts cannot be generated. To use the model for forecasting, use one of the supported classes of index.
  self._init_dates(dates, freq)
C:\Users\ninop\AppData\Roaming\Python\Python314\site-packages\statsmodels\tsa\base\tsa_model.py:473: ValueWarning: An unsupported index was provided. As a result, forecasts cannot be generated. To use the model for forecasting, use one of the supported classes of index.
  self._init_dates(dates, freq)
C:\Users\ninop\AppData\Roaming\Python\Python314\site-packages\statsmodels\tsa\base\tsa_model.py:473: ValueWarning: An unsupported index was provided. As a result, forecasts cannot be generated. To use the model for forecasting, use one of the supported classes of index.
  self._init_dates(dates, freq)
C:\Users\ninop\AppData\Roaming\Python\Python314\site-packages\statsmodels\tsa\base\tsa_model.py:473: ValueWarning: An unsupported index was provided. As a result, forecasts cannot be generated. To use the model for forecasting, use one of the supported classes of index.
  self._init_dates(dates, freq)
C:\Users\ninop\AppData\Roaming\Python\Python314\site-packages\statsmodels\tsa\base\tsa_model.py:473: ValueWarning: An unsupported index was provided. As a result, forecasts cannot be generated. To use the model for forecasting, use one of the supported classes of index.
  self._init_dates(dates, freq)
C:\Users\ninop\AppData\Roaming\Python\Python314\site-packages\statsmodels\tsa\base\tsa_model.py:473: ValueWarning: An unsupported index was provided. As a result, forecasts cannot be generated. To use the model for forecasting, use one of the supported classes of index.
  self._init_dates(dates, freq)
C:\Users\ninop\AppData\Roaming\Python\Python314\site-packages\statsmodels\tsa\base\tsa_model.py:473: ValueWarning: An unsupported index was provided. As a result, forecasts cannot be generated. To use the model for forecasting, use one of the supported classes of index.
  self._init_dates(dates, freq)
C:\Users\ninop\AppData\Roaming\Python\Python314\site-packages\statsmodels\tsa\base\tsa_model.py:473: ValueWarning: An unsupported index was provided. As a result, forecasts cannot be generated. To use the model for forecasting, use one of the supported classes of index.
  self._init_dates(dates, freq)
C:\Users\ninop\AppData\Roaming\Python\Python314\site-packages\statsmodels\tsa\base\tsa_model.py:473: ValueWarning: An unsupported index was provided. As a result, forecasts cannot be generated. To use the model for forecasting, use one of the supported classes of index.
  self._init_dates(dates, freq)
C:\Users\ninop\AppData\Roaming\Python\Python314\site-packages\statsmodels\tsa\base\tsa_model.py:473: ValueWarning: An unsupported index was provided. As a result, forecasts cannot be generated. To use the model for forecasting, use one of the supported classes of index.
  self._init_dates(dates, freq)
C:\Users\ninop\AppData\Roaming\Python\Python314\site-packages\statsmodels\tsa\base\tsa_model.py:473: ValueWarning: An unsupported index was provided. As a result, forecasts cannot be generated. To use the model for forecasting, use one of the supported classes of index.
  self._init_dates(dates, freq)
C:\Users\ninop\AppData\Roaming\Python\Python314\site-packages\statsmodels\tsa\base\tsa_model.py:473: ValueWarning: An unsupported index was provided. As a result, forecasts cannot be generated. To use the model for forecasting, use one of the supported classes of index.
  self._init_dates(dates, freq)
C:\Users\ninop\AppData\Roaming\Python\Python314\site-packages\statsmodels\tsa\base\tsa_model.py:473: ValueWarning: An unsupported index was provided. As a result, forecasts cannot be generated. To use the model for forecasting, use one of the supported classes of index.
  self._init_dates(dates, freq)
C:\Users\ninop\AppData\Roaming\Python\Python314\site-packages\statsmodels\tsa\base\tsa_model.py:473: ValueWarning: An unsupported index was provided. As a result, forecasts cannot be generated. To use the model for forecasting, use one of the supported classes of index.
  self._init_dates(dates, freq)
C:\Users\ninop\AppData\Roaming\Python\Python314\site-packages\statsmodels\tsa\base\tsa_model.py:473: ValueWarning: An unsupported index was provided. As a result, forecasts cannot be generated. To use the model for forecasting, use one of the supported classes of index.
  self._init_dates(dates, freq)
C:\Users\ninop\AppData\Roaming\Python\Python314\site-packages\statsmodels\tsa\base\tsa_model.py:837: ValueWarning: No supported index is available. Prediction results will be given with an integer index beginning at `start`.
  return get_prediction_index(
C:\Users\ninop\AppData\Roaming\Python\Python314\site-packages\statsmodels\tsa\base\tsa_model.py:837: FutureWarning: No supported index is available. In the next version, calling this method in a model without a supported index will result in an exception.
  return get_prediction_index(
C:\Users\ninop\AppData\Roaming\Python\Python314\site-packages\statsmodels\tsa\base\tsa_model.py:473: ValueWarning: An unsupported index was provided. As a result, forecasts cannot be generated. To use the model for forecasting, use one of the supported classes of index.
  self._init_dates(dates, freq)
C:\Users\ninop\AppData\Roaming\Python\Python314\site-packages\statsmodels\tsa\base\tsa_model.py:473: ValueWarning: An unsupported index was provided. As a result, forecasts cannot be generated. To use the model for forecasting, use one of the supported classes of index.
  self._init_dates(dates, freq)
C:\Users\ninop\AppData\Roaming\Python\Python314\site-packages\statsmodels\tsa\base\tsa_model.py:473: ValueWarning: An unsupported index was provided. As a result, forecasts cannot be generated. To use the model for forecasting, use one of the supported classes of index.
  self._init_dates(dates, freq)
C:\Users\ninop\AppData\Roaming\Python\Python314\site-packages\statsmodels\tsa\base\tsa_model.py:837: ValueWarning: No supported index is available. Prediction results will be given with an integer index beginning at `start`.
  return get_prediction_index(
C:\Users\ninop\AppData\Roaming\Python\Python314\site-packages\statsmodels\tsa\base\tsa_model.py:837: FutureWarning: No supported index is available. In the next version, calling this method in a model without a supported index will result in an exception.
  return get_prediction_index(
2026-08-07 18:15:14,880 | INFO | werkzeug | 127.0.0.1 - - [07/Aug/2026 18:15:14] "GET /api/market/analysis/solana?days=90&forecast_days=30 HTTP/1.1" 200 -
